"","Code","Continent, Region, Country","century","decade","year","heights.cm","year_decade","height.in"
"1",40,"Austria","18","2","0",163.7,"1820",64.4488188976378
"2",40,"Austria","18","3","0",163.4,"1830",64.3307086614173
"3",40,"Austria","18","4","0",164.8,"1840",64.8818897637795
"4",40,"Austria","18","5","0",165.8,"1850",65.2755905511811
"5",40,"Austria","18","6","0",166.4,"1860",65.511811023622
"6",40,"Austria","18","7","0",167.2,"1870",65.8267716535433
"7",40,"Austria","18","8","0",167.7,"1880",66.0236220472441
"8",40,"Austria","18","9","0",168.4,"1890",66.2992125984252
"9",40,"Austria","19","0","0",168.9,"1900",66.496062992126
"10",40,"Austria","19","1","0",168.9,"1910",66.496062992126
"11",40,"Austria","19","2","0",170.4,"1920",67.0866141732283
"12",40,"Austria","19","6","0",177,"1960",69.6850393700787
"13",40,"Austria","19","7","0",177.5,"1970",69.8818897637795
"14",40,"Austria","19","8","0",178.8,"1980",70.3937007874016
"15",56,"Belgium","18","1","0",163.1,"1810",64.2125984251968
"16",56,"Belgium","18","2","0",163.7,"1820",64.4488188976378
"17",56,"Belgium","18","3","0",164,"1830",64.5669291338583
"18",56,"Belgium","18","4","0",165.1,"1840",65
"19",56,"Belgium","18","5","0",166.1,"1850",65.3937007874016
"20",56,"Belgium","18","6","0",166.6,"1860",65.5905511811024
"21",56,"Belgium","18","7","0",166.6,"1870",65.5905511811024
"22",56,"Belgium","19","0","0",167.8,"1900",66.0629921259843
"23",56,"Belgium","19","4","0",174.54,"1940",68.7165354330709
"24",56,"Belgium","19","6","0",176.8,"1960",69.6062992125984
"25",280,"Federal Republic of Germany (until 1990)","18","1","0",167.8,"1810",66.0629921259843
"26",280,"Federal Republic of Germany (until 1990)","18","2","0",167.3,"1820",65.8661417322835
"27",280,"Federal Republic of Germany (until 1990)","18","3","0",166.8,"1830",65.6692913385827
"28",280,"Federal Republic of Germany (until 1990)","18","4","0",166.6,"1840",65.5905511811024
"29",280,"Federal Republic of Germany (until 1990)","18","5","0",163.8,"1850",64.488188976378
"30",280,"Federal Republic of Germany (until 1990)","18","6","0",165.5,"1860",65.1574803149606
"31",280,"Federal Republic of Germany (until 1990)","18","7","0",166.9,"1870",65.7086614173228
"32",280,"Federal Republic of Germany (until 1990)","18","8","0",167.9,"1880",66.1023622047244
"33",280,"Federal Republic of Germany (until 1990)","18","9","0",168.6,"1890",66.3779527559055
"34",280,"Federal Republic of Germany (until 1990)","19","0","0",169.2,"1900",66.6141732283464
"35",280,"Federal Republic of Germany (until 1990)","19","1","0",170.5,"1910",67.1259842519685
"36",280,"Federal Republic of Germany (until 1990)","19","2","0",173.3,"1920",68.2283464566929
"37",280,"Federal Republic of Germany (until 1990)","19","3","0",174,"1930",68.503937007874
"38",280,"Federal Republic of Germany (until 1990)","19","4","0",175.2,"1940",68.9763779527559
"39",280,"Federal Republic of Germany (until 1990)","19","5","0",176.8,"1950",69.6062992125984
"40",280,"Federal Republic of Germany (until 1990)","19","6","0",178.9,"1960",70.4330708661417
"41",280,"Federal Republic of Germany (until 1990)","19","7","0",179.4,"1970",70.6299212598425
"42",280,"Federal Republic of Germany (until 1990)","19","8","0",180.5,"1980",71.0629921259843
"43",250,"France","18","1","0",163.9,"1810",64.5275590551181
"44",250,"France","18","2","0",163.9,"1820",64.5275590551181
"45",250,"France","18","3","0",164,"1830",64.5669291338583
"46",250,"France","18","4","0",164.3,"1840",64.6850393700787
"47",250,"France","18","5","0",165.2,"1850",65.0393700787401
"48",250,"France","18","6","0",165.4,"1860",65.1181102362205
"49",250,"France","18","7","0",165.5,"1870",65.1574803149606
"50",250,"France","18","8","0",165.9,"1880",65.3149606299213
"51",250,"France","18","9","0",166.1,"1890",65.3937007874016
"52",250,"France","19","0","0",166.8,"1900",65.6692913385827
"53",250,"France","19","1","0",167.8,"1910",66.0629921259843
"54",250,"France","19","2","0",168.5,"1920",66.3385826771653
"55",250,"France","19","3","0",169.9,"1930",66.8897637795276
"56",250,"France","19","4","0",171.7,"1940",67.5984251968504
"57",250,"France","19","5","0",173.175,"1950",68.1791338582677
"58",250,"France","19","6","0",174.9,"1960",68.8582677165354
"59",250,"France","19","7","0",175.1,"1970",68.9370078740157
"60",250,"France","19","8","0",176.5,"1980",69.488188976378
"61",276,"Germany","18","1","0",167.8,"1810",66.0629921259843
"62",276,"Germany","18","2","0",167.3,"1820",65.8661417322835
"63",276,"Germany","18","3","0",166.8,"1830",65.6692913385827
"64",276,"Germany","18","4","0",166.6,"1840",65.5905511811024
"65",276,"Germany","18","5","0",163.8,"1850",64.488188976378
"66",276,"Germany","18","6","0",165.5,"1860",65.1574803149606
"67",276,"Germany","18","7","0",166.9,"1870",65.7086614173228
"68",276,"Germany","18","8","0",167.9,"1880",66.1023622047244
"69",276,"Germany","18","9","0",168.6,"1890",66.3779527559055
"70",276,"Germany","19","0","0",169.2,"1900",66.6141732283464
"71",276,"Germany","19","1","0",170.5,"1910",67.1259842519685
"72",276,"Germany","19","2","0",173.3,"1920",68.2283464566929
"73",276,"Germany","19","3","0",174,"1930",68.503937007874
"74",276,"Germany","19","4","0",175.2,"1940",68.9763779527559
"75",276,"Germany","19","5","0",176.8,"1950",69.6062992125984
"76",276,"Germany","19","6","0",178.9,"1960",70.4330708661417
"77",276,"Germany","19","7","0",179.4,"1970",70.6299212598425
"78",276,"Germany","19","8","0",180.5,"1980",71.0629921259843
"79",528,"Netherlands","18","1","0",166,"1810",65.3543307086614
"80",528,"Netherlands","18","2","0",165.1,"1820",65
"81",528,"Netherlands","18","3","0",164.2,"1830",64.6456692913386
"82",528,"Netherlands","18","4","0",164.5,"1840",64.7637795275591
"83",528,"Netherlands","18","5","0",165.3,"1850",65.0787401574803
"84",528,"Netherlands","18","6","0",166.5,"1860",65.5511811023622
"85",528,"Netherlands","18","7","0",167.1,"1870",65.7874015748031
"86",528,"Netherlands","18","8","0",168.5,"1880",66.3385826771653
"87",528,"Netherlands","18","9","0",169.4,"1890",66.6929133858268
"88",528,"Netherlands","19","0","0",170.9,"1900",67.2834645669291
"89",528,"Netherlands","19","1","0",172.6,"1910",67.9527559055118
"90",528,"Netherlands","19","2","0",173.5,"1920",68.3070866141732
"91",528,"Netherlands","19","3","0",174.1,"1930",68.5433070866142
"92",528,"Netherlands","19","4","0",177.5,"1940",69.8818897637795
"93",528,"Netherlands","19","5","0",178.7,"1950",70.3543307086614
"94",528,"Netherlands","19","6","0",182.2,"1960",71.7322834645669
"95",528,"Netherlands","19","7","0",182.3,"1970",71.7716535433071
"96",528,"Netherlands","19","8","0",182.7,"1980",71.9291338582677
"97",756,"Switzerland","18","2","0",167.6,"1820",65.9842519685039
"98",756,"Switzerland","18","3","0",166.3,"1830",65.4724409448819
"99",756,"Switzerland","18","7","0",164.7,"1870",64.8425196850394
"100",756,"Switzerland","18","8","0",166.8,"1880",65.6692913385827
"101",756,"Switzerland","18","9","0",170.5,"1890",67.1259842519685
"102",756,"Switzerland","19","0","0",170.462,"1900",67.1110236220472
"103",756,"Switzerland","19","1","0",171.506,"1910",67.5220472440945
"104",756,"Switzerland","19","2","0",170.9,"1920",67.2834645669291
"105",756,"Switzerland","19","3","0",171.3,"1930",67.4409448818898
"106",208,"Denmark","18","2","0",166.95,"1820",65.7283464566929
"107",208,"Denmark","18","3","0",165.4,"1830",65.1181102362205
"108",208,"Denmark","18","5","0",167.4,"1850",65.9055118110236
"109",208,"Denmark","18","6","0",168.1,"1860",66.1811023622047
"110",208,"Denmark","18","7","0",168.1,"1870",66.1811023622047
"111",208,"Denmark","18","8","0",169.5,"1880",66.7322834645669
"112",208,"Denmark","18","9","0",169.2,"1890",66.6141732283464
"113",208,"Denmark","19","0","0",170.5,"1900",67.1259842519685
"114",208,"Denmark","19","1","0",170,"1910",66.9291338582677
"115",208,"Denmark","19","2","0",173.5,"1920",68.3070866141732
"116",208,"Denmark","19","3","0",173.9,"1930",68.4645669291339
"117",208,"Denmark","19","4","0",175.9,"1940",69.251968503937
"118",208,"Denmark","19","5","0",179.8,"1950",70.7874015748032
"119",208,"Denmark","19","6","0",180.2,"1960",70.9448818897638
"120",208,"Denmark","19","7","0",180.8,"1970",71.1811023622047
"121",208,"Denmark","19","8","0",183.2,"1980",72.1259842519685
"122",233,"Estonia","18","4","0",166.7,"1840",65.6299212598425
"123",233,"Estonia","18","7","0",167.6,"1870",65.9842519685039
"124",233,"Estonia","18","9","0",173.4,"1890",68.2677165354331
"125",233,"Estonia","19","0","0",175.3,"1900",69.0157480314961
"126",233,"Estonia","19","1","0",172,"1910",67.7165354330709
"127",233,"Estonia","19","6","0",174.1,"1960",68.5433070866142
"128",233,"Estonia","19","7","0",179.6,"1970",70.7086614173228
"129",233,"Estonia","19","8","0",179.1,"1980",70.511811023622
"130",246,"Finland","18","1","0",171.9,"1810",67.6771653543307
"131",246,"Finland","18","2","0",170.05,"1820",66.9488188976378
"132",246,"Finland","18","3","0",169.5,"1830",66.7322834645669
"133",246,"Finland","18","6","0",167.3,"1860",65.8661417322835
"134",246,"Finland","19","0","0",167.3,"1900",65.8661417322835
"135",246,"Finland","19","1","0",170.5,"1910",67.1259842519685
"136",246,"Finland","19","2","0",172.3,"1920",67.8346456692913
"137",246,"Finland","19","3","0",172.5,"1930",67.9133858267717
"138",246,"Finland","19","4","0",174.8,"1940",68.8188976377953
"139",246,"Finland","19","5","0",178,"1950",70.0787401574803
"140",246,"Finland","19","6","0",179.3,"1960",70.5905511811024
"141",246,"Finland","19","7","0",177.5,"1970",69.8818897637795
"142",246,"Finland","19","8","0",178.2,"1980",70.1574803149606
"143",372,"Ireland","18","1","0",168,"1810",66.1417322834646
"144",372,"Ireland","18","2","0",165.4,"1820",65.1181102362205
"145",372,"Ireland","18","3","0",168.1,"1830",66.1811023622047
"146",372,"Ireland","18","4","0",160.9,"1840",63.3464566929134
"147",372,"Ireland","18","7","0",168.45,"1870",66.3188976377953
"148",372,"Ireland","18","8","0",168.7,"1880",66.4173228346457
"149",372,"Ireland","18","9","0",169.1,"1890",66.5748031496063
"150",372,"Ireland","19","0","0",170,"1900",66.9291338582677
"151",372,"Ireland","19","2","0",171.919,"1920",67.6846456692913
"152",372,"Ireland","19","3","0",173.253,"1930",68.209842519685
"153",372,"Ireland","19","5","0",174.9,"1950",68.8582677165354
"154",372,"Ireland","19","6","0",175.8,"1960",69.2125984251969
"155",372,"Ireland","19","7","0",176.4,"1970",69.4488188976378
"156",372,"Ireland","19","8","0",176.6,"1980",69.5275590551181
"157",428,"Latvia","18","4","0",166.5,"1840",65.5511811023622
"158",428,"Latvia","18","8","0",170.6,"1880",67.1653543307087
"159",428,"Latvia","18","9","0",171.7,"1890",67.5984251968504
"160",428,"Latvia","19","0","0",171.4,"1900",67.4803149606299
"161",428,"Latvia","19","4","0",174.211,"1940",68.5870078740158
"162",440,"Lithuania","18","4","0",165.3,"1840",65.0787401574803
"163",440,"Lithuania","19","4","0",173.725,"1940",68.3956692913386
"164",578,"Norway","18","1","0",168.6,"1810",66.3779527559055
"165",578,"Norway","18","2","0",167.5,"1820",65.9448818897638
"166",578,"Norway","18","3","0",168.9,"1830",66.496062992126
"167",578,"Norway","18","4","0",168,"1840",66.1417322834646
"168",578,"Norway","18","5","0",169.1,"1850",66.5748031496063
"169",578,"Norway","18","6","0",169.7,"1860",66.8110236220472
"170",578,"Norway","18","7","0",170.4,"1870",67.0866141732283
"171",578,"Norway","18","8","0",171.1,"1880",67.3622047244095
"172",578,"Norway","18","9","0",171.1,"1890",67.3622047244095
"173",578,"Norway","19","0","0",172.03,"1900",67.7283464566929
"174",578,"Norway","19","1","0",173.3,"1910",68.2283464566929
"175",578,"Norway","19","2","0",176.25,"1920",69.3897637795276
"176",578,"Norway","19","3","0",176.9,"1930",69.6456692913386
"177",578,"Norway","19","4","0",177.5,"1940",69.8818897637795
"178",578,"Norway","19","5","0",178.1,"1950",70.1181102362205
"179",578,"Norway","19","6","0",179.3,"1960",70.5905511811024
"180",578,"Norway","19","7","0",179.5,"1970",70.6692913385827
"181",578,"Norway","19","8","0",179.7,"1980",70.748031496063
"182",752,"Sweden","18","3","0",168.1,"1830",66.1811023622047
"183",752,"Sweden","18","4","0",167.9,"1840",66.1023622047244
"184",752,"Sweden","18","5","0",168.4,"1850",66.2992125984252
"185",752,"Sweden","18","6","0",169.3,"1860",66.6535433070866
"186",752,"Sweden","18","7","0",170.3,"1870",67.0472440944882
"187",752,"Sweden","18","8","0",171.2,"1880",67.4015748031496
"188",752,"Sweden","18","9","0",172.4,"1890",67.8740157480315
"189",752,"Sweden","19","0","0",172.8,"1900",68.0314960629921
"190",752,"Sweden","19","1","0",173.2,"1910",68.1889763779528
"191",752,"Sweden","19","2","0",168.3,"1920",66.259842519685
"192",752,"Sweden","19","3","0",175.5,"1930",69.0944881889764
"193",752,"Sweden","19","4","0",178.5,"1940",70.2755905511811
"194",752,"Sweden","19","5","0",179.3,"1950",70.5905511811024
"195",752,"Sweden","19","6","0",180.1,"1960",70.9055118110236
"196",752,"Sweden","19","7","0",180,"1970",70.8661417322835
"197",752,"Sweden","19","8","0",180.4,"1980",71.0236220472441
"198",826,"United Kingdom of Great Britain and Northern Ireland","18","1","0",169.7,"1810",66.8110236220472
"199",826,"United Kingdom of Great Britain and Northern Ireland","18","2","0",169.1,"1820",66.5748031496063
"200",826,"United Kingdom of Great Britain and Northern Ireland","18","3","0",166.7,"1830",65.6299212598425
"201",826,"United Kingdom of Great Britain and Northern Ireland","18","4","0",166.5,"1840",65.5511811023622
"202",826,"United Kingdom of Great Britain and Northern Ireland","18","5","0",165.6,"1850",65.1968503937008
"203",826,"United Kingdom of Great Britain and Northern Ireland","18","6","0",166.6,"1860",65.5905511811024
"204",826,"United Kingdom of Great Britain and Northern Ireland","18","7","0",167.15,"1870",65.8070866141732
"205",826,"United Kingdom of Great Britain and Northern Ireland","18","8","0",167.95,"1880",66.1220472440945
"206",826,"United Kingdom of Great Britain and Northern Ireland","18","9","0",167.4,"1890",65.9055118110236
"207",826,"United Kingdom of Great Britain and Northern Ireland","19","0","0",169.367,"1900",66.6799212598425
"208",826,"United Kingdom of Great Britain and Northern Ireland","19","1","0",170.866,"1910",67.2700787401575
"209",826,"United Kingdom of Great Britain and Northern Ireland","19","2","0",171,"1920",67.3228346456693
"210",826,"United Kingdom of Great Britain and Northern Ireland","19","3","0",173.87,"1930",68.4527559055118
"211",826,"United Kingdom of Great Britain and Northern Ireland","19","4","0",174.9,"1940",68.8582677165354
"212",826,"United Kingdom of Great Britain and Northern Ireland","19","5","0",176,"1950",69.2913385826772
"213",826,"United Kingdom of Great Britain and Northern Ireland","19","6","0",176.9,"1960",69.6456692913386
"214",826,"United Kingdom of Great Britain and Northern Ireland","19","7","0",177.1,"1970",69.7244094488189
"215",826,"United Kingdom of Great Britain and Northern Ireland","19","8","0",176.83,"1980",69.6181102362205
"216",8,"Albania","18","8","0",170.1,"1880",66.9685039370079
"217",8,"Albania","18","9","0",169.8,"1890",66.8503937007874
"218",8,"Albania","19","0","0",169.2,"1900",66.6141732283464
"219",191,"Croatia","18","1","0",163.2,"1810",64.251968503937
"220",191,"Croatia","18","2","0",163.6,"1820",64.4094488188976
"221",191,"Croatia","18","3","0",163.5,"1830",64.3700787401575
"222",191,"Croatia","18","4","0",161.2,"1840",63.4645669291339
"223",191,"Croatia","18","5","0",168.1,"1850",66.1811023622047
"224",191,"Croatia","18","6","0",165.9,"1860",65.3149606299213
"225",191,"Croatia","18","7","0",166.8,"1870",65.6692913385827
"226",191,"Croatia","18","8","0",168.9,"1880",66.496062992126
"227",191,"Croatia","19","0","0",171.508,"1900",67.5228346456693
"228",191,"Croatia","19","3","0",176.1,"1930",69.3307086614173
"229",191,"Croatia","19","5","0",175.1,"1950",68.9370078740157
"230",191,"Croatia","19","6","0",178.2,"1960",70.1574803149606
"231",300,"Greece","18","7","0",168.5,"1870",66.3385826771653
"232",300,"Greece","18","8","0",167.26,"1880",65.8503937007874
"233",300,"Greece","19","0","0",169.6,"1900",66.7716535433071
"234",300,"Greece","19","1","0",168.1,"1910",66.1811023622047
"235",300,"Greece","19","2","0",168.4,"1920",66.2992125984252
"236",300,"Greece","19","3","0",167.5,"1930",65.9448818897638
"237",300,"Greece","19","4","0",169.2,"1940",66.6141732283464
"238",300,"Greece","19","5","0",173.7,"1950",68.3858267716535
"239",300,"Greece","19","6","0",177.6,"1960",69.9212598425197
"240",300,"Greece","19","8","0",177.3,"1980",69.8031496062992
"241",380,"Italy","18","1","0",164.1,"1810",64.6062992125984
"242",380,"Italy","18","2","0",165.8,"1820",65.2755905511811
"243",380,"Italy","18","3","0",164.1,"1830",64.6062992125984
"244",380,"Italy","18","4","0",162,"1840",63.7795275590551
"245",380,"Italy","18","5","0",162.9,"1850",64.1338582677165
"246",380,"Italy","18","6","0",163.1,"1860",64.2125984251968
"247",380,"Italy","18","7","0",163.5,"1870",64.3700787401575
"248",380,"Italy","18","8","0",163.9,"1880",64.5275590551181
"249",380,"Italy","18","9","0",164.7,"1890",64.8425196850394
"250",380,"Italy","19","0","0",165.6,"1900",65.1968503937008
"251",380,"Italy","19","1","0",166.3,"1910",65.4724409448819
"252",380,"Italy","19","2","0",167.3,"1920",65.8661417322835
"253",380,"Italy","19","3","0",168.1,"1930",66.1811023622047
"254",380,"Italy","19","4","0",169.3,"1940",66.6535433070866
"255",380,"Italy","19","5","0",171.3,"1950",67.4409448818898
"256",380,"Italy","19","6","0",173,"1960",68.1102362204724
"257",380,"Italy","19","7","0",174.1,"1970",68.5433070866142
"258",380,"Italy","19","8","0",174.48,"1980",68.6929133858268
"259",620,"Portugal","18","1","0",165.493,"1810",65.1547244094488
"260",620,"Portugal","18","2","0",166.338,"1820",65.4874015748031
"261",620,"Portugal","18","3","0",165.292,"1830",65.0755905511811
"262",620,"Portugal","18","4","0",163.539,"1840",64.3854330708661
"263",620,"Portugal","18","5","0",164.16,"1850",64.6299212598425
"264",620,"Portugal","18","6","0",164.066,"1860",64.5929133858268
"265",620,"Portugal","18","7","0",164.688,"1870",64.8377952755906
"266",620,"Portugal","18","8","0",164.161,"1880",64.6303149606299
"267",620,"Portugal","18","9","0",164.15,"1890",64.6259842519685
"268",620,"Portugal","19","0","0",163.774,"1900",64.4779527559055
"269",620,"Portugal","19","1","0",164.491,"1910",64.7602362204724
"270",620,"Portugal","19","2","0",164.88,"1920",64.9133858267716
"271",620,"Portugal","19","3","0",165.57,"1930",65.1850393700787
"272",620,"Portugal","19","4","0",166.385,"1940",65.505905511811
"273",620,"Portugal","19","5","0",167.41,"1950",65.9094488188976
"274",620,"Portugal","19","6","0",169.24,"1960",66.6299212598425
"275",620,"Portugal","19","7","0",171.38,"1970",67.4724409448819
"276",620,"Portugal","19","8","0",172.13,"1980",67.7677165354331
"277",688,"Serbia","18","5","0",166.2,"1850",65.4330708661417
"278",688,"Serbia","18","7","0",169.7,"1870",66.8110236220472
"279",688,"Serbia","18","8","0",167.1,"1880",65.7874015748031
"280",688,"Serbia","18","9","0",168.1,"1890",66.1811023622047
"281",688,"Serbia","19","6","0",175.8,"1960",69.2125984251969
"282",891,"Serbia and Montenegro (until 2006)","18","5","0",166.2,"1850",65.4330708661417
"283",891,"Serbia and Montenegro (until 2006)","18","7","0",169.7,"1870",66.8110236220472
"284",891,"Serbia and Montenegro (until 2006)","18","8","0",167.1,"1880",65.7874015748031
"285",891,"Serbia and Montenegro (until 2006)","18","9","0",168.1,"1890",66.1811023622047
"286",891,"Serbia and Montenegro (until 2006)","19","6","0",175.8,"1960",69.2125984251969
"287",705,"Slovenia","18","7","0",168.3,"1870",66.259842519685
"288",705,"Slovenia","19","2","0",173.7,"1920",68.3858267716535
"289",705,"Slovenia","19","5","0",175.8,"1950",69.2125984251969
"290",705,"Slovenia","19","7","0",179.2,"1970",70.5511811023622
"291",724,"Spain","18","3","0",161,"1830",63.3858267716535
"292",724,"Spain","18","4","0",163.7,"1840",64.4488188976378
"293",724,"Spain","18","5","0",162.5,"1850",63.9763779527559
"294",724,"Spain","18","6","0",162.7,"1860",64.0551181102362
"295",724,"Spain","18","7","0",162.6,"1870",64.0157480314961
"296",724,"Spain","18","8","0",163.9,"1880",64.5275590551181
"297",724,"Spain","18","9","0",164,"1890",64.5669291338583
"298",724,"Spain","19","0","0",164.6,"1900",64.8031496062992
"299",724,"Spain","19","1","0",165.1,"1910",65
"300",724,"Spain","19","2","0",165.6,"1920",65.1968503937008
"301",724,"Spain","19","3","0",165.2,"1930",65.0393700787401
"302",724,"Spain","19","4","0",166.3,"1940",65.4724409448819
"303",724,"Spain","19","5","0",170.8,"1950",67.244094488189
"304",724,"Spain","19","6","0",174.2,"1960",68.5826771653543
"305",724,"Spain","19","7","0",175.2,"1970",68.9763779527559
"306",724,"Spain","19","8","0",175.6,"1980",69.1338582677165
"307",807,"The former Yugoslav Republic of Macedonia","19","0","0",167.669,"1900",66.0114173228346
"308",807,"The former Yugoslav Republic of Macedonia","19","1","0",168.4,"1910",66.2992125984252
"309",807,"The former Yugoslav Republic of Macedonia","19","2","0",169.6,"1920",66.7716535433071
"310",807,"The former Yugoslav Republic of Macedonia","19","3","0",168.8,"1930",66.4566929133858
"311",112,"Belarus","18","4","0",163.9,"1840",64.5275590551181
"312",112,"Belarus","19","0","0",166.5,"1900",65.5511811023622
"313",112,"Belarus","19","8","0",176.4,"1980",69.4488188976378
"314",100,"Bulgaria","18","8","0",167.6,"1880",65.9842519685039
"315",100,"Bulgaria","19","3","0",171.7,"1930",67.5984251968504
"316",100,"Bulgaria","19","4","0",171.3,"1940",67.4409448818898
"317",100,"Bulgaria","19","5","0",172.9,"1950",68.0708661417323
"318",203,"Czech Republic","18","1","0",164,"1810",64.5669291338583
"319",203,"Czech Republic","18","2","0",163,"1820",64.1732283464567
"320",203,"Czech Republic","18","3","0",163.5,"1830",64.3700787401575
"321",203,"Czech Republic","18","4","0",164.8,"1840",64.8818897637795
"322",203,"Czech Republic","18","5","0",165.5,"1850",65.1574803149606
"323",203,"Czech Republic","18","6","0",166,"1860",65.3543307086614
"324",203,"Czech Republic","18","7","0",167,"1870",65.748031496063
"325",203,"Czech Republic","18","8","0",167.6,"1880",65.9842519685039
"326",203,"Czech Republic","18","9","0",169.783,"1890",66.8437007874016
"327",203,"Czech Republic","19","0","0",170.7,"1900",67.2047244094488
"328",203,"Czech Republic","19","1","0",170.8,"1910",67.244094488189
"329",203,"Czech Republic","19","2","0",173.3,"1920",68.2283464566929
"330",203,"Czech Republic","19","3","0",175.7,"1930",69.1732283464567
"331",203,"Czech Republic","19","4","0",176.8,"1940",69.6062992125984
"332",203,"Czech Republic","19","5","0",177.7,"1950",69.9606299212598
"333",203,"Czech Republic","19","7","0",178.7,"1970",70.3543307086614
"334",200,"Czechoslovakia (until 1993)","18","5","0",166.2,"1850",65.4330708661417
"335",200,"Czechoslovakia (until 1993)","18","7","0",169.7,"1870",66.8110236220472
"336",200,"Czechoslovakia (until 1993)","18","8","0",167.1,"1880",65.7874015748031
"337",200,"Czechoslovakia (until 1993)","18","9","0",168.1,"1890",66.1811023622047
"338",200,"Czechoslovakia (until 1993)","19","6","0",175.8,"1960",69.2125984251969
"339",348,"Hungary","18","1","0",164.7,"1810",64.8425196850394
"340",348,"Hungary","18","2","0",164.3,"1820",64.6850393700787
"341",348,"Hungary","18","3","0",164.1,"1830",64.6062992125984
"342",348,"Hungary","18","4","0",164,"1840",64.5669291338583
"343",348,"Hungary","18","5","0",163.7,"1850",64.4488188976378
"344",348,"Hungary","18","6","0",165.3,"1860",65.0787401574803
"345",348,"Hungary","18","7","0",166.388,"1870",65.5070866141732
"346",348,"Hungary","18","8","0",169.1,"1880",66.5748031496063
"347",348,"Hungary","19","5","0",175.4,"1950",69.0551181102362
"348",348,"Hungary","19","6","0",178.2,"1960",70.1574803149606
"349",348,"Hungary","19","7","0",178.8,"1970",70.3937007874016
"350",616,"Poland","18","4","0",163.1,"1840",64.2125984251968
"351",616,"Poland","18","6","0",165.5,"1860",65.1574803149606
"352",616,"Poland","18","7","0",166.3,"1870",65.4724409448819
"353",616,"Poland","18","8","0",166.8,"1880",65.6692913385827
"354",616,"Poland","18","9","0",167.2,"1890",65.8267716535433
"355",616,"Poland","19","0","0",166.568,"1900",65.5779527559055
"356",616,"Poland","19","1","0",169,"1910",66.5354330708661
"357",616,"Poland","19","3","0",173,"1930",68.1102362204724
"358",616,"Poland","19","4","0",170.5,"1940",67.1259842519685
"359",616,"Poland","19","5","0",173.2,"1950",68.1889763779528
"360",616,"Poland","19","6","0",175.3,"1960",69.0157480314961
"361",616,"Poland","19","8","0",177.4,"1980",69.8425196850394
"362",498,"Republic of Moldova","18","4","0",165.1,"1840",65
"363",498,"Republic of Moldova","19","5","0",172.007,"1950",67.7192913385827
"364",498,"Republic of Moldova","19","6","0",172.813,"1960",68.0366141732283
"365",498,"Republic of Moldova","19","7","0",173.535,"1970",68.3208661417323
"366",498,"Republic of Moldova","19","8","0",174.225,"1980",68.5925196850394
"367",642,"Romania","18","4","0",164,"1840",64.5669291338583
"368",642,"Romania","18","5","0",163.4,"1850",64.3307086614173
"369",642,"Romania","18","6","0",164.1,"1860",64.6062992125984
"370",642,"Romania","18","7","0",165.367,"1870",65.1051181102362
"371",642,"Romania","18","8","0",164.1,"1880",64.6062992125984
"372",642,"Romania","19","0","0",168.289,"1900",66.2555118110236
"373",642,"Romania","19","4","0",169.253,"1940",66.6350393700787
"374",643,"Russian Federation","18","1","0",159.8,"1810",62.9133858267717
"375",643,"Russian Federation","18","2","0",162.1,"1820",63.8188976377953
"376",643,"Russian Federation","18","3","0",163,"1830",64.1732283464567
"377",643,"Russian Federation","18","4","0",164.2,"1840",64.6456692913386
"378",643,"Russian Federation","18","5","0",163.4,"1850",64.3307086614173
"379",643,"Russian Federation","18","6","0",163.3,"1860",64.2913385826772
"380",643,"Russian Federation","18","7","0",165.8,"1870",65.2755905511811
"381",643,"Russian Federation","18","8","0",166.6,"1880",65.5905511811024
"382",643,"Russian Federation","18","9","0",168.3,"1890",66.259842519685
"383",643,"Russian Federation","19","0","0",169.2,"1900",66.6141732283464
"384",643,"Russian Federation","19","1","0",169.1,"1910",66.5748031496063
"385",643,"Russian Federation","19","2","0",167,"1920",65.748031496063
"386",643,"Russian Federation","19","3","0",167.9,"1930",66.1023622047244
"387",643,"Russian Federation","19","4","0",169,"1940",66.5354330708661
"388",643,"Russian Federation","19","5","0",172,"1950",67.7165354330709
"389",643,"Russian Federation","19","6","0",173.6,"1960",68.3464566929134
"390",643,"Russian Federation","19","7","0",177,"1970",69.6850393700787
"391",643,"Russian Federation","19","8","0",177,"1980",69.6850393700787
"392",703,"Slovakia","18","5","0",164.1,"1850",64.6062992125984
"393",703,"Slovakia","18","6","0",163.5,"1860",64.3700787401575
"394",703,"Slovakia","18","7","0",165.1,"1870",65
"395",703,"Slovakia","18","8","0",165.8,"1880",65.2755905511811
"396",703,"Slovakia","19","2","0",171.7,"1920",67.5984251968504
"397",703,"Slovakia","19","3","0",173.3,"1930",68.2283464566929
"398",703,"Slovakia","19","4","0",172.8,"1940",68.0314960629921
"399",804,"Ukraine","18","2","0",164.1,"1820",64.6062992125984
"400",804,"Ukraine","18","3","0",164.8,"1830",64.8818897637795
"401",804,"Ukraine","18","4","0",164.1,"1840",64.6062992125984
"402",804,"Ukraine","18","5","0",163.1,"1850",64.2125984251968
"403",804,"Ukraine","18","7","0",164.6,"1870",64.8031496062992
"404",804,"Ukraine","18","8","0",165.4,"1880",65.1181102362205
"405",124,"Canada","18","1","0",171.5,"1810",67.5196850393701
"406",124,"Canada","18","2","0",171.5,"1820",67.5196850393701
"407",124,"Canada","18","3","0",171.5,"1830",67.5196850393701
"408",124,"Canada","18","4","0",170.4,"1840",67.0866141732283
"409",124,"Canada","18","5","0",172.466,"1850",67.9
"410",124,"Canada","18","6","0",172,"1860",67.7165354330709
"411",124,"Canada","18","7","0",171.2,"1870",67.4015748031496
"412",124,"Canada","18","8","0",171.2,"1880",67.4015748031496
"413",124,"Canada","18","9","0",170.7,"1890",67.2047244094488
"414",124,"Canada","19","0","0",169.9,"1900",66.8897637795276
"415",124,"Canada","19","1","0",171.5,"1910",67.5196850393701
"416",124,"Canada","19","2","0",173,"1920",68.1102362204724
"417",124,"Canada","19","3","0",172.7,"1930",67.992125984252
"418",124,"Canada","19","4","0",174.6,"1940",68.740157480315
"419",124,"Canada","19","5","0",177,"1950",69.6850393700787
"420",124,"Canada","19","6","0",178.3,"1960",70.1968503937008
"421",124,"Canada","19","7","0",178.8,"1970",70.3937007874016
"422",124,"Canada","19","8","0",179.6,"1980",70.7086614173228
"423",840,"United States of America","18","2","0",172.2,"1820",67.7952755905512
"424",840,"United States of America","18","3","0",173.5,"1830",68.3070866141732
"425",840,"United States of America","18","4","0",172.2,"1840",67.7952755905512
"426",840,"United States of America","18","5","0",171.1,"1850",67.3622047244095
"427",840,"United States of America","18","6","0",170.6,"1860",67.1653543307087
"428",840,"United States of America","18","7","0",171.1,"1870",67.3622047244095
"429",840,"United States of America","18","8","0",169.5,"1880",66.7322834645669
"430",840,"United States of America","18","9","0",169.1,"1890",66.5748031496063
"431",840,"United States of America","19","0","0",170,"1900",66.9291338582677
"432",840,"United States of America","19","1","0",172.1,"1910",67.755905511811
"433",840,"United States of America","19","2","0",173.1,"1920",68.1496062992126
"434",840,"United States of America","19","3","0",173.4,"1930",68.2677165354331
"435",840,"United States of America","19","4","0",176.1,"1940",69.3307086614173
"436",840,"United States of America","19","5","0",177.1,"1950",69.7244094488189
"437",840,"United States of America","19","6","0",177.3,"1960",69.8031496062992
"438",840,"United States of America","19","7","0",178.3,"1970",70.1968503937008
"439",840,"United States of America","19","8","0",179,"1980",70.4724409448819
"440",192,"Cuba","18","7","0",167.1,"1870",65.7874015748031
"441",192,"Cuba","18","8","0",166.8,"1880",65.6692913385827
"442",192,"Cuba","18","9","0",166,"1890",65.3543307086614
"443",192,"Cuba","19","0","0",166.1,"1900",65.3937007874016
"444",192,"Cuba","19","1","0",167.9,"1910",66.1023622047244
"445",192,"Cuba","19","4","0",169.4,"1940",66.6929133858268
"446",192,"Cuba","19","5","0",169.2,"1950",66.6141732283464
"447",214,"Dominican Republic","19","4","0",167.4,"1940",65.9055118110236
"448",214,"Dominican Republic","19","5","0",168.1,"1950",66.1811023622047
"449",214,"Dominican Republic","19","6","0",169,"1960",66.5354330708661
"450",214,"Dominican Republic","19","7","0",168.8,"1970",66.4566929133858
"451",332,"Haiti","19","2","0",166.9,"1920",65.7086614173228
"452",332,"Haiti","19","3","0",166.707,"1930",65.6326771653543
"453",332,"Haiti","19","5","0",170.377,"1950",67.0775590551181
"454",332,"Haiti","19","6","0",171.064,"1960",67.348031496063
"455",332,"Haiti","19","7","0",171.254,"1970",67.4228346456693
"456",332,"Haiti","19","8","0",171.494,"1980",67.5173228346457
"457",388,"Jamaica","18","9","0",170.2,"1890",67.007874015748
"458",388,"Jamaica","19","1","0",167.132,"1910",65.8
"459",388,"Jamaica","19","2","0",167.894,"1920",66.1
"460",388,"Jamaica","19","3","0",169.672,"1930",66.8
"461",388,"Jamaica","19","4","0",168.281,"1940",66.2523622047244
"462",388,"Jamaica","19","8","0",173.6,"1980",68.3464566929134
"463",630,"Puerto Rico","18","9","0",164.53,"1890",64.7755905511811
"464",630,"Puerto Rico","19","0","0",164.02,"1900",64.5748031496063
"465",630,"Puerto Rico","19","1","0",165.35,"1910",65.0984251968504
"466",630,"Puerto Rico","19","2","0",164.02,"1920",64.5748031496063
"467",630,"Puerto Rico","19","3","0",163.66,"1930",64.4330708661417
"468",780,"Trinidad and Tobago","19","8","0",174.4,"1980",68.6614173228347
"469",188,"Costa Rica","19","4","0",166.1,"1940",65.3937007874016
"470",188,"Costa Rica","19","8","0",173.6,"1980",68.3464566929134
"471",320,"Guatemala","18","9","0",156.3,"1890",61.5354330708661
"472",320,"Guatemala","19","1","0",156,"1910",61.4173228346457
"473",320,"Guatemala","19","2","0",158.7,"1920",62.4803149606299
"474",320,"Guatemala","19","3","0",158.7,"1930",62.4803149606299
"475",320,"Guatemala","19","5","0",159.2,"1950",62.6771653543307
"476",320,"Guatemala","19","6","0",159.8,"1960",62.9133858267717
"477",320,"Guatemala","19","7","0",160.3,"1970",63.1102362204724
"478",320,"Guatemala","19","8","0",160.8,"1980",63.3070866141732
"479",340,"Honduras","19","5","0",163.971,"1950",64.5555118110236
"480",340,"Honduras","19","6","0",164.15,"1960",64.6259842519685
"481",340,"Honduras","19","7","0",164.634,"1970",64.8165354330709
"482",340,"Honduras","19","8","0",164.663,"1980",64.8279527559055
"483",484,"Mexico","18","1","0",161.26,"1810",63.4881889763779
"484",484,"Mexico","18","2","0",160.36,"1820",63.1338582677165
"485",484,"Mexico","18","3","0",160.36,"1830",63.1338582677165
"486",484,"Mexico","18","4","0",162.5,"1840",63.9763779527559
"487",484,"Mexico","18","5","0",163.4,"1850",64.3307086614173
"488",484,"Mexico","18","6","0",162.9,"1860",64.1338582677165
"489",484,"Mexico","18","7","0",163.7,"1870",64.4488188976378
"490",484,"Mexico","18","8","0",163.9,"1880",64.5275590551181
"491",484,"Mexico","18","9","0",163.9,"1890",64.5275590551181
"492",484,"Mexico","19","0","0",163.9,"1900",64.5275590551181
"493",484,"Mexico","19","1","0",163.7,"1910",64.4488188976378
"494",484,"Mexico","19","2","0",161.12,"1920",63.4330708661417
"495",484,"Mexico","19","3","0",165.5,"1930",65.1574803149606
"496",484,"Mexico","19","4","0",165.8,"1940",65.2755905511811
"497",484,"Mexico","19","5","0",165.093,"1950",64.9972440944882
"498",484,"Mexico","19","6","0",166.365,"1960",65.498031496063
"499",484,"Mexico","19","8","0",167.806,"1980",66.0653543307087
"500",558,"Nicaragua","19","5","0",165.615,"1950",65.2027559055118
"501",558,"Nicaragua","19","6","0",165.902,"1960",65.3157480314961
"502",558,"Nicaragua","19","7","0",166.159,"1970",65.4169291338583
"503",558,"Nicaragua","19","8","0",166.4,"1980",65.511811023622
"504",591,"Panama","19","8","0",170,"1980",66.9291338582677
"505",32,"Argentina","18","1","0",168.8,"1810",66.4566929133858
"506",32,"Argentina","18","2","0",169.9,"1820",66.8897637795276
"507",32,"Argentina","18","3","0",170.9,"1830",67.2834645669291
"508",32,"Argentina","18","4","0",169.6,"1840",66.7716535433071
"509",32,"Argentina","18","5","0",168.2,"1850",66.2204724409449
"510",32,"Argentina","18","6","0",167.4,"1860",65.9055118110236
"511",32,"Argentina","18","7","0",167.6,"1870",65.9842519685039
"512",32,"Argentina","18","8","0",167.565,"1880",65.9704724409449
"513",32,"Argentina","18","9","0",167.792,"1890",66.059842519685
"514",32,"Argentina","19","0","0",167.868,"1900",66.0897637795276
"515",32,"Argentina","19","1","0",168.2,"1910",66.2204724409449
"516",32,"Argentina","19","2","0",169,"1920",66.5354330708661
"517",32,"Argentina","19","3","0",169.8,"1930",66.8503937007874
"518",32,"Argentina","19","4","0",170.6,"1940",67.1653543307087
"519",32,"Argentina","19","5","0",170.8,"1950",67.244094488189
"520",68,"Bolivia (Plurinational State of)","18","9","0",163.594,"1890",64.4070866141732
"521",68,"Bolivia (Plurinational State of)","19","0","0",162.45,"1900",63.9566929133858
"522",68,"Bolivia (Plurinational State of)","19","3","0",162.5,"1930",63.9763779527559
"523",68,"Bolivia (Plurinational State of)","19","4","0",163.4,"1940",64.3307086614173
"524",68,"Bolivia (Plurinational State of)","19","5","0",162.482,"1950",63.9692913385827
"525",68,"Bolivia (Plurinational State of)","19","6","0",163.182,"1960",64.2448818897638
"526",68,"Bolivia (Plurinational State of)","19","7","0",163.886,"1970",64.5220472440945
"527",68,"Bolivia (Plurinational State of)","19","8","0",164.191,"1980",64.642125984252
"528",76,"Brazil","18","1","0",164.3,"1810",64.6850393700787
"529",76,"Brazil","18","2","0",164.3,"1820",64.6850393700787
"530",76,"Brazil","18","3","0",164.8,"1830",64.8818897637795
"531",76,"Brazil","18","4","0",164.6,"1840",64.8031496062992
"532",76,"Brazil","18","5","0",164.5,"1850",64.7637795275591
"533",76,"Brazil","18","6","0",165,"1860",64.9606299212598
"534",76,"Brazil","18","7","0",166.5,"1870",65.5511811023622
"535",76,"Brazil","18","8","0",166.1,"1880",65.3937007874016
"536",76,"Brazil","18","9","0",167.1,"1890",65.7874015748031
"537",76,"Brazil","19","0","0",167.5,"1900",65.9448818897638
"538",76,"Brazil","19","1","0",166.486,"1910",65.5456692913386
"539",76,"Brazil","19","2","0",166.6,"1920",65.5905511811024
"540",76,"Brazil","19","3","0",167,"1930",65.748031496063
"541",76,"Brazil","19","4","0",167.1,"1940",65.7874015748031
"542",76,"Brazil","19","5","0",168.2,"1950",66.2204724409449
"543",76,"Brazil","19","6","0",169,"1960",66.5354330708661
"544",76,"Brazil","19","7","0",171.6,"1970",67.5590551181102
"545",76,"Brazil","19","8","0",171.7,"1980",67.5984251968504
"546",152,"Chile","19","5","0",169.64,"1950",66.7874015748031
"547",152,"Chile","19","8","0",173.1,"1980",68.1496062992126
"548",170,"Colombia","18","7","0",161.085,"1870",63.4192913385827
"549",170,"Colombia","18","8","0",162.08,"1880",63.8110236220473
"550",170,"Colombia","18","9","0",161.855,"1890",63.7224409448819
"551",170,"Colombia","19","0","0",161.83,"1900",63.7125984251969
"552",170,"Colombia","19","1","0",163.545,"1910",64.3877952755905
"553",170,"Colombia","19","2","0",164.655,"1920",64.8248031496063
"554",170,"Colombia","19","3","0",165.465,"1930",65.1437007874016
"555",170,"Colombia","19","4","0",167.05,"1940",65.7677165354331
"556",170,"Colombia","19","5","0",167.8,"1950",66.0629921259843
"557",170,"Colombia","19","6","0",168.5,"1960",66.3385826771653
"558",170,"Colombia","19","7","0",168.9,"1970",66.496062992126
"559",170,"Colombia","19","8","0",170.6,"1980",67.1653543307087
"560",328,"Guyana","18","8","0",159.16,"1880",62.6614173228346
"561",328,"Guyana","18","9","0",157.45,"1890",61.9881889763779
"562",328,"Guyana","19","0","0",156.8,"1900",61.7322834645669
"563",328,"Guyana","19","7","0",167.2,"1970",65.8267716535433
"564",328,"Guyana","19","8","0",170.5,"1980",67.1259842519685
"565",600,"Paraguay","19","0","0",165.615,"1900",65.2027559055118
"566",600,"Paraguay","19","3","0",165.363,"1930",65.1035433070866
"567",604,"Peru","18","1","0",163.4,"1810",64.3307086614173
"568",604,"Peru","18","2","0",162.6,"1820",64.0157480314961
"569",604,"Peru","18","3","0",162.5,"1830",63.9763779527559
"570",604,"Peru","18","4","0",161.3,"1840",63.503937007874
"571",604,"Peru","18","5","0",161.8,"1850",63.7007874015748
"572",604,"Peru","18","6","0",161.7,"1860",63.6614173228346
"573",604,"Peru","18","7","0",161.3,"1870",63.503937007874
"574",604,"Peru","18","8","0",161.5,"1880",63.5826771653543
"575",604,"Peru","19","3","0",159.749,"1930",62.8933070866142
"576",604,"Peru","19","4","0",160.947,"1940",63.3649606299213
"577",604,"Peru","19","5","0",162.226,"1950",63.8685039370079
"578",604,"Peru","19","6","0",163.056,"1960",64.1952755905512
"579",604,"Peru","19","7","0",163.931,"1970",64.5397637795276
"580",604,"Peru","19","8","0",164.236,"1980",64.659842519685
"581",858,"Uruguay","18","8","0",164.98,"1880",64.9527559055118
"582",858,"Uruguay","19","3","0",168.1,"1930",66.1811023622047
"583",53,"Australia and New Zealand","18","5","0",170,"1850",66.9291338582677
"584",53,"Australia and New Zealand","18","6","0",170.6,"1860",67.1653543307087
"585",53,"Australia and New Zealand","18","7","0",170.053,"1870",66.95
"586",53,"Australia and New Zealand","18","8","0",171.1,"1880",67.3622047244095
"587",53,"Australia and New Zealand","18","9","0",171.3,"1890",67.4409448818898
"588",53,"Australia and New Zealand","19","0","0",172.3,"1900",67.8346456692913
"589",53,"Australia and New Zealand","19","1","0",172.7,"1910",67.992125984252
"590",53,"Australia and New Zealand","19","2","0",172.846,"1920",68.0496062992126
"591",53,"Australia and New Zealand","19","6","0",176.3,"1960",69.4094488188976
"592",53,"Australia and New Zealand","19","7","0",178.4,"1970",70.2362204724409
"593",36,"Australia","18","5","0",170,"1850",66.9291338582677
"594",36,"Australia","18","6","0",170.6,"1860",67.1653543307087
"595",36,"Australia","18","7","0",170.053,"1870",66.95
"596",36,"Australia","18","8","0",171.1,"1880",67.3622047244095
"597",36,"Australia","18","9","0",171.3,"1890",67.4409448818898
"598",36,"Australia","19","0","0",172.3,"1900",67.8346456692913
"599",36,"Australia","19","1","0",172.7,"1910",67.992125984252
"600",36,"Australia","19","2","0",172.846,"1920",68.0496062992126
"601",36,"Australia","19","6","0",176.3,"1960",69.4094488188976
"602",36,"Australia","19","7","0",178.4,"1970",70.2362204724409
"603",554,"New Zealand","18","6","0",172.4,"1860",67.8740157480315
"604",554,"New Zealand","18","7","0",172.4,"1870",67.8740157480315
"605",554,"New Zealand","18","8","0",172.7,"1880",67.992125984252
"606",554,"New Zealand","18","9","0",172,"1890",67.7165354330709
"607",554,"New Zealand","19","3","0",174.625,"1930",68.75
"608",598,"Papua New Guinea","18","8","0",152.359,"1880",59.9838582677165
"609",598,"Papua New Guinea","19","2","0",155.603,"1920",61.2610236220472
"610",598,"Papua New Guinea","19","3","0",152.432,"1930",60.0125984251968
"611",598,"Papua New Guinea","19","4","0",158.875,"1940",62.5492125984252
"612",598,"Papua New Guinea","19","8","0",160.9,"1980",63.3464566929134
"613",4,"Afghanistan","18","7","0",168.4,"1870",66.2992125984252
"614",4,"Afghanistan","18","8","0",165.69,"1880",65.2322834645669
"615",4,"Afghanistan","19","3","0",166.8,"1930",65.6692913385827
"616",50,"Bangladesh","18","5","0",161.807,"1850",63.7035433070866
"617",50,"Bangladesh","18","6","0",162.346,"1860",63.9157480314961
"618",50,"Bangladesh","18","7","0",163.684,"1870",64.4425196850394
"619",50,"Bangladesh","18","8","0",162.061,"1880",63.8035433070866
"620",50,"Bangladesh","19","5","0",161.555,"1950",63.6043307086614
"621",50,"Bangladesh","19","6","0",162.15,"1960",63.8385826771654
"622",50,"Bangladesh","19","8","0",162.377,"1980",63.9279527559055
"623",356,"India","18","4","0",160.304,"1840",63.111811023622
"624",356,"India","18","5","0",161.823,"1850",63.709842519685
"625",356,"India","18","6","0",162.979,"1860",64.1649606299213
"626",356,"India","18","7","0",163.782,"1870",64.4811023622047
"627",356,"India","18","8","0",162.427,"1880",63.9476377952756
"628",356,"India","18","9","0",163.008,"1890",64.1763779527559
"629",356,"India","19","1","0",162.893,"1910",64.1311023622047
"630",356,"India","19","2","0",163.465,"1920",64.3562992125984
"631",356,"India","19","3","0",163.688,"1930",64.444094488189
"632",356,"India","19","4","0",164.049,"1940",64.5862204724409
"633",356,"India","19","5","0",163.542,"1950",64.3866141732284
"634",356,"India","19","6","0",163.883,"1960",64.5208661417323
"635",356,"India","19","7","0",164.294,"1970",64.6826771653543
"636",356,"India","19","8","0",164.437,"1980",64.7389763779528
"637",364,"Iran (Islamic Republic of)","18","5","0",165.33,"1850",65.0905511811024
"638",364,"Iran (Islamic Republic of)","18","7","0",168.26,"1870",66.244094488189
"639",364,"Iran (Islamic Republic of)","18","8","0",165.19,"1880",65.0354330708661
"640",364,"Iran (Islamic Republic of)","18","9","0",165.98,"1890",65.3464566929134
"641",364,"Iran (Islamic Republic of)","19","0","0",167.47,"1900",65.9330708661417
"642",364,"Iran (Islamic Republic of)","19","1","0",167.19,"1910",65.8228346456693
"643",364,"Iran (Islamic Republic of)","19","4","0",167.8,"1940",66.0629921259843
"644",364,"Iran (Islamic Republic of)","19","5","0",168.78,"1950",66.4488188976378
"645",364,"Iran (Islamic Republic of)","19","6","0",169.14,"1960",66.5905511811024
"646",364,"Iran (Islamic Republic of)","19","7","0",170.85,"1970",67.2637795275591
"647",364,"Iran (Islamic Republic of)","19","8","0",172.37,"1980",67.8622047244095
"648",524,"Nepal","18","8","0",162.433,"1880",63.95
"649",524,"Nepal","19","0","0",161.7,"1900",63.6614173228346
"650",524,"Nepal","19","3","0",160.9,"1930",63.3464566929134
"651",524,"Nepal","19","4","0",162.383,"1940",63.9303149606299
"652",524,"Nepal","19","5","0",161.783,"1950",63.694094488189
"653",524,"Nepal","19","6","0",162.459,"1960",63.9602362204724
"654",524,"Nepal","19","7","0",162.71,"1970",64.0590551181102
"655",524,"Nepal","19","8","0",162.953,"1980",64.1547244094488
"656",586,"Pakistan","18","4","0",165.1,"1840",65
"657",586,"Pakistan","18","5","0",162,"1850",63.7795275590551
"658",586,"Pakistan","18","6","0",164.6,"1860",64.8031496062992
"659",586,"Pakistan","18","7","0",165.2,"1870",65.0393700787401
"660",586,"Pakistan","18","9","0",165.04,"1890",64.9763779527559
"661",586,"Pakistan","19","2","0",167.887,"1920",66.0972440944882
"662",586,"Pakistan","19","3","0",163.979,"1930",64.5586614173228
"663",586,"Pakistan","19","4","0",168.1,"1940",66.1811023622047
"664",144,"Sri Lanka","18","7","0",162.5,"1870",63.9763779527559
"665",144,"Sri Lanka","19","2","0",163.885,"1920",64.5216535433071
"666",144,"Sri Lanka","19","8","0",165.8,"1980",65.2755905511811
"667",156,"China","18","1","0",165.7,"1810",65.2362204724409
"668",156,"China","18","2","0",165.8,"1820",65.2755905511811
"669",156,"China","18","3","0",165.8,"1830",65.2755905511811
"670",156,"China","18","4","0",166.2,"1840",65.4330708661417
"671",156,"China","18","5","0",166.2,"1850",65.4330708661417
"672",156,"China","18","6","0",165.7,"1860",65.2362204724409
"673",156,"China","18","7","0",165.8,"1870",65.2755905511811
"674",156,"China","18","8","0",165.3,"1880",65.0787401574803
"675",156,"China","18","9","0",164,"1890",64.5669291338583
"676",156,"China","19","0","0",164,"1900",64.5669291338583
"677",156,"China","19","1","0",164.7,"1910",64.8425196850394
"678",156,"China","19","2","0",164.2,"1920",64.6456692913386
"679",156,"China","19","3","0",166.5,"1930",65.5511811023622
"680",156,"China","19","4","0",167.4,"1940",65.9055118110236
"681",156,"China","19","5","0",169.2,"1950",66.6141732283464
"682",156,"China","19","6","0",170,"1960",66.9291338582677
"683",156,"China","19","7","0",170,"1970",66.9291338582677
"684",156,"China","19","8","0",171.5,"1980",67.5196850393701
"685",344,"China, Hong Kong Special Administrative Region","19","3","0",167.655,"1930",66.005905511811
"686",344,"China, Hong Kong Special Administrative Region","19","4","0",167.1,"1940",65.7874015748031
"687",408,"Democratic People's Republic of Korea","18","7","0",163.41,"1870",64.3346456692913
"688",408,"Democratic People's Republic of Korea","18","8","0",160.1,"1880",63.0314960629921
"689",408,"Democratic People's Republic of Korea","18","9","0",160.7,"1890",63.2677165354331
"690",408,"Democratic People's Republic of Korea","19","0","0",160.1,"1900",63.0314960629921
"691",408,"Democratic People's Republic of Korea","19","4","0",166.51,"1940",65.5551181102362
"692",408,"Democratic People's Republic of Korea","19","5","0",168.6,"1950",66.3779527559055
"693",408,"Democratic People's Republic of Korea","19","6","0",170.7,"1960",67.2047244094488
"694",408,"Democratic People's Republic of Korea","19","7","0",171.9,"1970",67.6771653543307
"695",408,"Democratic People's Republic of Korea","19","8","0",173.8,"1980",68.4251968503937
"696",392,"Japan","18","8","0",157.79,"1880",62.1220472440945
"697",392,"Japan","18","9","0",157.79,"1890",62.1220472440945
"698",392,"Japan","19","0","0",158.7,"1900",62.4803149606299
"699",392,"Japan","19","1","0",159.605,"1910",62.8366141732283
"700",392,"Japan","19","2","0",160.7,"1920",63.2677165354331
"701",392,"Japan","19","3","0",161.43,"1930",63.5551181102362
"702",392,"Japan","19","4","0",162.6,"1940",64.0157480314961
"703",392,"Japan","19","5","0",163.6,"1950",64.4094488188976
"704",392,"Japan","19","6","0",165.7,"1960",65.2362204724409
"705",392,"Japan","19","7","0",166.8,"1970",65.6692913385827
"706",392,"Japan","19","8","0",171.66,"1980",67.5826771653543
"707",496,"Mongolia","19","1","0",162.6,"1910",64.0157480314961
"708",496,"Mongolia","19","3","0",164.8,"1930",64.8818897637795
"709",410,"Republic of Korea","18","7","0",163.41,"1870",64.3346456692913
"710",410,"Republic of Korea","18","8","0",160.1,"1880",63.0314960629921
"711",410,"Republic of Korea","18","9","0",160.7,"1890",63.2677165354331
"712",410,"Republic of Korea","19","0","0",160.1,"1900",63.0314960629921
"713",410,"Republic of Korea","19","4","0",166.51,"1940",65.5551181102362
"714",410,"Republic of Korea","19","5","0",168.6,"1950",66.3779527559055
"715",410,"Republic of Korea","19","6","0",170.7,"1960",67.2047244094488
"716",410,"Republic of Korea","19","7","0",171.9,"1970",67.6771653543307
"717",410,"Republic of Korea","19","8","0",173.8,"1980",68.4251968503937
"718",NA,"Taiwan","18","5","0",163.855,"1850",64.509842519685
"719",NA,"Taiwan","18","6","0",163.86,"1860",64.5118110236221
"720",NA,"Taiwan","18","7","0",163.36,"1870",64.3149606299213
"721",NA,"Taiwan","18","8","0",162.898,"1880",64.1330708661417
"722",NA,"Taiwan","18","9","0",163.92,"1890",64.5354330708661
"723",NA,"Taiwan","19","0","0",164.54,"1900",64.7795275590551
"724",NA,"Taiwan","19","1","0",166.05,"1910",65.3740157480315
"725",NA,"Taiwan","19","2","0",166.85,"1920",65.6889763779528
"726",NA,"Taiwan","19","3","0",167.5,"1930",65.9448818897638
"727",NA,"Taiwan","19","4","0",166.8,"1940",65.6692913385827
"728",NA,"Taiwan","19","5","0",168.7,"1950",66.4173228346457
"729",NA,"Taiwan","19","6","0",169.7,"1960",66.8110236220472
"730",NA,"Taiwan","19","7","0",170.5,"1970",67.1259842519685
"731",116,"Cambodia","18","4","0",161.6,"1840",63.6220472440945
"732",116,"Cambodia","18","5","0",163.2,"1850",64.251968503937
"733",116,"Cambodia","18","6","0",164.9,"1860",64.9212598425197
"734",116,"Cambodia","18","7","0",159,"1870",62.5984251968504
"735",116,"Cambodia","18","8","0",161.7,"1880",63.6614173228346
"736",116,"Cambodia","18","9","0",160.4,"1890",63.1496062992126
"737",116,"Cambodia","19","0","0",158.3,"1900",62.3228346456693
"738",116,"Cambodia","19","1","0",160.6,"1910",63.2283464566929
"739",116,"Cambodia","19","2","0",158.5,"1920",62.4015748031496
"740",116,"Cambodia","19","3","0",158.4,"1930",62.3622047244095
"741",116,"Cambodia","19","5","0",162.361,"1950",63.9216535433071
"742",116,"Cambodia","19","6","0",162.84,"1960",64.1102362204724
"743",116,"Cambodia","19","7","0",162.674,"1970",64.0448818897638
"744",116,"Cambodia","19","8","0",162.453,"1980",63.957874015748
"745",360,"Indonesia","18","1","0",161.277,"1810",63.4948818897638
"746",360,"Indonesia","18","4","0",160.352,"1840",63.1307086614173
"747",360,"Indonesia","18","5","0",160.58,"1850",63.2204724409449
"748",360,"Indonesia","18","6","0",160.43,"1860",63.1614173228346
"749",360,"Indonesia","18","7","0",158.085,"1870",62.238188976378
"750",360,"Indonesia","18","8","0",158.58,"1880",62.4330708661417
"751",360,"Indonesia","18","9","0",158.77,"1890",62.507874015748
"752",360,"Indonesia","19","0","0",158.96,"1900",62.5826771653543
"753",360,"Indonesia","19","1","0",159.63,"1910",62.8464566929134
"754",360,"Indonesia","19","2","0",160.93,"1920",63.3582677165354
"755",360,"Indonesia","19","3","0",160.69,"1930",63.2637795275591
"756",360,"Indonesia","19","4","0",160.4,"1940",63.1496062992126
"757",360,"Indonesia","19","5","0",161.65,"1950",63.6417322834646
"758",360,"Indonesia","19","6","0",162.41,"1960",63.9409448818898
"759",360,"Indonesia","19","7","0",163.11,"1970",64.2165354330709
"760",360,"Indonesia","19","8","0",164.01,"1980",64.5708661417323
"761",NA,"Indonesia (until 1999)","18","1","0",161.277,"1810",63.4948818897638
"762",NA,"Indonesia (until 1999)","18","4","0",160.352,"1840",63.1307086614173
"763",NA,"Indonesia (until 1999)","18","5","0",160.58,"1850",63.2204724409449
"764",NA,"Indonesia (until 1999)","18","6","0",160.43,"1860",63.1614173228346
"765",NA,"Indonesia (until 1999)","18","7","0",158.085,"1870",62.238188976378
"766",NA,"Indonesia (until 1999)","18","8","0",158.58,"1880",62.4330708661417
"767",NA,"Indonesia (until 1999)","18","9","0",158.77,"1890",62.507874015748
"768",NA,"Indonesia (until 1999)","19","0","0",158.96,"1900",62.5826771653543
"769",NA,"Indonesia (until 1999)","19","1","0",159.63,"1910",62.8464566929134
"770",NA,"Indonesia (until 1999)","19","2","0",160.93,"1920",63.3582677165354
"771",NA,"Indonesia (until 1999)","19","3","0",160.69,"1930",63.2637795275591
"772",NA,"Indonesia (until 1999)","19","4","0",160.4,"1940",63.1496062992126
"773",NA,"Indonesia (until 1999)","19","5","0",161.65,"1950",63.6417322834646
"774",NA,"Indonesia (until 1999)","19","6","0",162.41,"1960",63.9409448818898
"775",NA,"Indonesia (until 1999)","19","7","0",163.11,"1970",64.2165354330709
"776",NA,"Indonesia (until 1999)","19","8","0",164.01,"1980",64.5708661417323
"777",418,"Lao People's Democratic Republic","18","4","0",159.6,"1840",62.8346456692913
"778",418,"Lao People's Democratic Republic","18","5","0",160,"1850",62.992125984252
"779",418,"Lao People's Democratic Republic","18","6","0",159,"1860",62.5984251968504
"780",418,"Lao People's Democratic Republic","18","7","0",159.1,"1870",62.6377952755905
"781",418,"Lao People's Democratic Republic","18","9","0",160.6,"1890",63.2283464566929
"782",418,"Lao People's Democratic Republic","19","0","0",161.5,"1900",63.5826771653543
"783",418,"Lao People's Democratic Republic","19","1","0",156.2,"1910",61.496062992126
"784",418,"Lao People's Democratic Republic","19","2","0",159.7,"1920",62.8740157480315
"785",418,"Lao People's Democratic Republic","19","3","0",160.2,"1930",63.0708661417323
"786",418,"Lao People's Democratic Republic","19","4","0",163.2,"1940",64.251968503937
"787",418,"Lao People's Democratic Republic","19","8","0",165.2,"1980",65.0393700787401
"788",458,"Malaysia","18","4","0",159.3,"1840",62.7165354330709
"789",458,"Malaysia","18","6","0",161,"1860",63.3858267716535
"790",458,"Malaysia","18","7","0",157.2,"1870",61.8897637795276
"791",458,"Malaysia","18","9","0",155.8,"1890",61.3385826771654
"792",458,"Malaysia","19","0","0",160.5,"1900",63.1889763779528
"793",458,"Malaysia","19","3","0",162.5,"1930",63.9763779527559
"794",104,"Myanmar","18","5","0",161.1,"1850",63.4251968503937
"795",104,"Myanmar","18","6","0",164,"1860",64.5669291338583
"796",104,"Myanmar","18","7","0",161.3,"1870",63.503937007874
"797",104,"Myanmar","18","8","0",160.698,"1880",63.2669291338583
"798",104,"Myanmar","18","9","0",163,"1890",64.1732283464567
"799",104,"Myanmar","19","0","0",163.7,"1900",64.4488188976378
"800",104,"Myanmar","19","2","0",160.103,"1920",63.0326771653543
"801",104,"Myanmar","19","4","0",164.8,"1940",64.8818897637795
"802",104,"Myanmar","19","8","0",161.3,"1980",63.503937007874
"803",608,"Philippines","18","6","0",155,"1860",61.0236220472441
"804",608,"Philippines","18","7","0",159.5,"1870",62.7952755905512
"805",608,"Philippines","18","8","0",158.9,"1880",62.5590551181102
"806",608,"Philippines","18","9","0",161.5,"1890",63.5826771653543
"807",608,"Philippines","19","0","0",160.4,"1900",63.1496062992126
"808",608,"Philippines","19","3","0",163.375,"1930",64.3208661417323
"809",608,"Philippines","19","4","0",164.6,"1940",64.8031496062992
"810",608,"Philippines","19","8","0",165.6,"1980",65.1968503937008
"811",702,"Singapore","19","7","0",172.2,"1970",67.7952755905512
"812",764,"Thailand","18","6","0",160.1,"1860",63.0314960629921
"813",764,"Thailand","18","7","0",161.5,"1870",63.5826771653543
"814",764,"Thailand","18","8","0",162.3,"1880",63.8976377952756
"815",764,"Thailand","18","9","0",161,"1890",63.3858267716535
"816",764,"Thailand","19","0","0",162.1,"1900",63.8188976377953
"817",764,"Thailand","19","1","0",161.5,"1910",63.5826771653543
"818",764,"Thailand","19","2","0",161.33,"1920",63.5157480314961
"819",764,"Thailand","19","3","0",161.2,"1930",63.4645669291339
"820",704,"Viet Nam","18","3","0",157.9,"1830",62.1653543307087
"821",704,"Viet Nam","18","4","0",157.5,"1840",62.007874015748
"822",704,"Viet Nam","18","5","0",158.4,"1850",62.3622047244095
"823",704,"Viet Nam","18","6","0",158.3,"1860",62.3228346456693
"824",704,"Viet Nam","18","7","0",158.3,"1870",62.3228346456693
"825",704,"Viet Nam","18","8","0",157.7,"1880",62.0866141732283
"826",704,"Viet Nam","18","9","0",158.5,"1890",62.4015748031496
"827",704,"Viet Nam","19","0","0",161.2,"1900",63.4645669291339
"828",704,"Viet Nam","19","1","0",158,"1910",62.2047244094488
"829",704,"Viet Nam","19","2","0",157.5,"1920",62.007874015748
"830",704,"Viet Nam","19","3","0",158.4,"1930",62.3622047244095
"831",704,"Viet Nam","19","8","0",160,"1980",62.992125984252
"832",51,"Armenia","18","5","0",169.324,"1850",66.6629921259843
"833",51,"Armenia","18","6","0",167.62,"1860",65.992125984252
"834",51,"Armenia","18","9","0",166.2,"1890",65.4330708661417
"835",51,"Armenia","19","0","0",163.58,"1900",64.4015748031496
"836",51,"Armenia","19","1","0",163.75,"1910",64.4685039370079
"837",51,"Armenia","19","4","0",167.99,"1940",66.1377952755905
"838",51,"Armenia","19","6","0",170.601,"1960",67.1657480314961
"839",51,"Armenia","19","7","0",171.749,"1970",67.6177165354331
"840",51,"Armenia","19","8","0",171.653,"1980",67.5799212598425
"841",31,"Azerbaijan","18","5","0",170.185,"1850",67.001968503937
"842",31,"Azerbaijan","18","6","0",170.816,"1860",67.2503937007874
"843",31,"Azerbaijan","19","5","0",171.216,"1950",67.407874015748
"844",31,"Azerbaijan","19","6","0",171.734,"1960",67.6118110236221
"845",31,"Azerbaijan","19","7","0",172.039,"1970",67.7318897637795
"846",31,"Azerbaijan","19","8","0",172.153,"1980",67.7767716535433
"847",48,"Bahrain","19","3","0",160.7,"1930",63.2677165354331
"848",48,"Bahrain","19","4","0",163.8,"1940",64.488188976378
"849",48,"Bahrain","19","5","0",164,"1950",64.5669291338583
"850",196,"Cyprus","18","6","0",168.783,"1860",66.45
"851",196,"Cyprus","18","7","0",169.778,"1870",66.8417322834646
"852",196,"Cyprus","18","8","0",169.086,"1880",66.5692913385827
"853",196,"Cyprus","18","9","0",168.334,"1890",66.2732283464567
"854",268,"Georgia","18","4","0",165.5,"1840",65.1574803149606
"855",268,"Georgia","18","6","0",163,"1860",64.1732283464567
"856",268,"Georgia","18","9","0",164.26,"1890",64.6692913385827
"857",368,"Iraq","18","8","0",168.37,"1880",66.2874015748032
"858",368,"Iraq","18","9","0",166.617,"1890",65.5972440944882
"859",368,"Iraq","19","0","0",168.56,"1900",66.3622047244095
"860",368,"Iraq","19","1","0",166.15,"1910",65.4133858267717
"861",376,"Israel","18","5","0",169.06,"1850",66.5590551181102
"862",376,"Israel","18","6","0",168.85,"1860",66.4763779527559
"863",376,"Israel","19","3","0",167.5,"1930",65.9448818897638
"864",376,"Israel","19","4","0",165.746,"1940",65.2543307086614
"865",400,"Jordan","19","4","0",166.053,"1940",65.3751968503937
"866",400,"Jordan","19","5","0",169.97,"1950",66.9173228346457
"867",400,"Jordan","19","6","0",170.317,"1960",67.053937007874
"868",400,"Jordan","19","7","0",170.53,"1970",67.1377952755905
"869",400,"Jordan","19","8","0",170.29,"1980",67.0433070866142
"870",422,"Lebanon","18","5","0",166.45,"1850",65.5314960629921
"871",422,"Lebanon","18","6","0",167.16,"1860",65.8110236220472
"872",422,"Lebanon","18","9","0",166.39,"1890",65.507874015748
"873",422,"Lebanon","19","0","0",167.28,"1900",65.8582677165354
"874",422,"Lebanon","19","4","0",169.352,"1940",66.6740157480315
"875",275,"Occupied Palestinian Territory","19","5","0",171,"1950",67.3228346456693
"876",275,"Occupied Palestinian Territory","19","6","0",172,"1960",67.7165354330709
"877",275,"Occupied Palestinian Territory","19","7","0",172.5,"1970",67.9133858267717
"878",682,"Saudi Arabia","19","4","0",169.2,"1940",66.6141732283464
"879",682,"Saudi Arabia","19","5","0",170.3,"1950",67.0472440944882
"880",682,"Saudi Arabia","19","6","0",170.8,"1960",67.244094488189
"881",682,"Saudi Arabia","19","7","0",172.3,"1970",67.8346456692913
"882",760,"Syrian Arab Republic","18","5","0",166.34,"1850",65.488188976378
"883",760,"Syrian Arab Republic","18","6","0",167.98,"1860",66.1338582677165
"884",760,"Syrian Arab Republic","18","8","0",162.2,"1880",63.8582677165354
"885",760,"Syrian Arab Republic","18","9","0",166.876,"1890",65.6992125984252
"886",760,"Syrian Arab Republic","19","0","0",167.274,"1900",65.855905511811
"887",792,"Turkey","18","5","0",168.66,"1850",66.4015748031496
"888",792,"Turkey","18","6","0",169.06,"1860",66.5590551181102
"889",792,"Turkey","18","7","0",170.08,"1870",66.9606299212599
"890",792,"Turkey","18","8","0",167.414,"1880",65.9110236220472
"891",792,"Turkey","18","9","0",168.41,"1890",66.3031496062992
"892",792,"Turkey","19","0","0",168.417,"1900",66.305905511811
"893",792,"Turkey","19","1","0",167.95,"1910",66.1220472440945
"894",792,"Turkey","19","2","0",169.3,"1920",66.6535433070866
"895",792,"Turkey","19","3","0",169.29,"1930",66.6496062992126
"896",792,"Turkey","19","4","0",167.2,"1940",65.8267716535433
"897",792,"Turkey","19","5","0",166.6,"1950",65.5905511811024
"898",792,"Turkey","19","6","0",167.4,"1960",65.9055118110236
"899",792,"Turkey","19","7","0",168.6,"1970",66.3779527559055
"900",784,"United Arab Emirates","19","8","0",169.05,"1980",66.5551181102362
"901",886,"Yemen (until 1990)","18","5","0",162.26,"1850",63.8818897637795
"902",886,"Yemen (until 1990)","18","6","0",161.12,"1860",63.4330708661417
"903",886,"Yemen (until 1990)","18","8","0",160.77,"1880",63.2952755905512
"904",886,"Yemen (until 1990)","18","9","0",162.72,"1890",64.0629921259843
"905",886,"Yemen (until 1990)","19","0","0",161.99,"1900",63.7755905511811
"906",886,"Yemen (until 1990)","19","8","0",167.6,"1980",65.9842519685039
"907",887,"Yemen","18","5","0",162.26,"1850",63.8818897637795
"908",887,"Yemen","18","6","0",161.12,"1860",63.4330708661417
"909",887,"Yemen","18","8","0",160.77,"1880",63.2952755905512
"910",887,"Yemen","18","9","0",162.72,"1890",64.0629921259843
"911",887,"Yemen","19","0","0",161.99,"1900",63.7755905511811
"912",887,"Yemen","19","8","0",167.6,"1980",65.9842519685039
"913",398,"Kazakhstan","18","4","0",165.3,"1840",65.0787401574803
"914",398,"Kazakhstan","18","5","0",164.6,"1850",64.8031496062992
"915",398,"Kazakhstan","18","7","0",163.4,"1870",64.3307086614173
"916",398,"Kazakhstan","18","9","0",164.8,"1890",64.8818897637795
"917",398,"Kazakhstan","19","0","0",165,"1900",64.9606299212598
"918",398,"Kazakhstan","19","1","0",163.4,"1910",64.3307086614173
"919",398,"Kazakhstan","19","2","0",166,"1920",65.3543307086614
"920",398,"Kazakhstan","19","3","0",164.4,"1930",64.7244094488189
"921",398,"Kazakhstan","19","5","0",170.3,"1950",67.0472440944882
"922",398,"Kazakhstan","19","6","0",171.4,"1960",67.4803149606299
"923",398,"Kazakhstan","19","7","0",171.3,"1970",67.4409448818898
"924",417,"Kyrgyzstan","18","8","0",165.26,"1880",65.0629921259843
"925",417,"Kyrgyzstan","18","9","0",164.03,"1890",64.5787401574803
"926",417,"Kyrgyzstan","19","0","0",165.1,"1900",65
"927",417,"Kyrgyzstan","19","1","0",165.1,"1910",65
"928",417,"Kyrgyzstan","19","2","0",166.2,"1920",65.4330708661417
"929",417,"Kyrgyzstan","19","3","0",164.5,"1930",64.7637795275591
"930",417,"Kyrgyzstan","19","5","0",169.8,"1950",66.8503937007874
"931",417,"Kyrgyzstan","19","6","0",169.8,"1960",66.8503937007874
"932",417,"Kyrgyzstan","19","7","0",170.6,"1970",67.1653543307087
"933",762,"Tajikistan","18","6","0",165,"1860",64.9606299212598
"934",762,"Tajikistan","18","7","0",164.8,"1870",64.8818897637795
"935",762,"Tajikistan","18","8","0",166.6,"1880",65.5905511811024
"936",762,"Tajikistan","18","9","0",165.8,"1890",65.2755905511811
"937",762,"Tajikistan","19","0","0",165.1,"1900",65
"938",762,"Tajikistan","19","1","0",165.1,"1910",65
"939",795,"Turkmenistan","18","9","0",168.9,"1890",66.496062992126
"940",795,"Turkmenistan","19","1","0",167.93,"1910",66.1141732283465
"941",795,"Turkmenistan","19","2","0",167.5,"1920",65.9448818897638
"942",860,"Uzbekistan","18","9","0",165.2,"1890",65.0393700787401
"943",860,"Uzbekistan","19","0","0",165.5,"1900",65.1574803149606
"944",860,"Uzbekistan","19","1","0",166,"1910",65.3543307086614
"945",860,"Uzbekistan","19","2","0",165.047,"1920",64.9791338582677
"946",860,"Uzbekistan","19","4","0",170.323,"1940",67.0562992125984
"947",860,"Uzbekistan","19","5","0",171.5,"1950",67.5196850393701
"948",860,"Uzbekistan","19","6","0",171.2,"1960",67.4015748031496
"949",860,"Uzbekistan","19","7","0",172,"1970",67.7165354330709
"950",12,"Algeria","19","1","0",168.8,"1910",66.4566929133858
"951",12,"Algeria","19","2","0",166.241,"1920",65.4492125984252
"952",12,"Algeria","19","3","0",169,"1930",66.5354330708661
"953",818,"Egypt","18","5","0",166.35,"1850",65.492125984252
"954",818,"Egypt","18","6","0",167.69,"1860",66.0196850393701
"955",818,"Egypt","18","7","0",166.88,"1870",65.7007874015748
"956",818,"Egypt","18","8","0",162.99,"1880",64.1692913385827
"957",818,"Egypt","19","0","0",166.2,"1900",65.4330708661417
"958",818,"Egypt","19","1","0",166.21,"1910",65.4370078740157
"959",818,"Egypt","19","2","0",165.11,"1920",65.003937007874
"960",818,"Egypt","19","4","0",167.504,"1940",65.9464566929134
"961",818,"Egypt","19","5","0",170.09,"1950",66.9645669291339
"962",818,"Egypt","19","6","0",170.632,"1960",67.1779527559055
"963",818,"Egypt","19","7","0",171.248,"1970",67.4204724409449
"964",818,"Egypt","19","8","0",171.283,"1980",67.4342519685039
"965",434,"Libya","18","9","0",166.5,"1890",65.5511811023622
"966",434,"Libya","19","2","0",165.11,"1920",65.003937007874
"967",504,"Morocco","18","8","0",168.6,"1880",66.3779527559055
"968",504,"Morocco","19","4","0",168.107,"1940",66.1838582677165
"969",504,"Morocco","19","5","0",169.012,"1950",66.540157480315
"970",504,"Morocco","19","6","0",169.913,"1960",66.8948818897638
"971",504,"Morocco","19","7","0",170.239,"1970",67.0232283464567
"972",504,"Morocco","19","8","0",170.29,"1980",67.0433070866142
"973",729,"Sudan (North)","18","7","0",167.99,"1870",66.1377952755905
"974",729,"Sudan (North)","18","8","0",169.865,"1880",66.8759842519685
"975",729,"Sudan (North)","18","9","0",169.836,"1890",66.8645669291339
"976",729,"Sudan (North)","19","0","0",167.854,"1900",66.0842519685039
"977",729,"Sudan (North)","19","1","0",169,"1910",66.5354330708661
"978",729,"Sudan (North)","19","2","0",170.985,"1920",67.3169291338583
"979",729,"Sudan (North)","19","3","0",167.9,"1930",66.1023622047244
"980",736,"Sudan (until 2011)","18","7","0",167.99,"1870",66.1377952755905
"981",736,"Sudan (until 2011)","18","8","0",169.865,"1880",66.8759842519685
"982",736,"Sudan (until 2011)","18","9","0",169.836,"1890",66.8645669291339
"983",736,"Sudan (until 2011)","19","0","0",167.854,"1900",66.0842519685039
"984",736,"Sudan (until 2011)","19","1","0",169,"1910",66.5354330708661
"985",736,"Sudan (until 2011)","19","2","0",170.985,"1920",67.3169291338583
"986",736,"Sudan (until 2011)","19","3","0",167.9,"1930",66.1023622047244
"987",788,"Tunisia","19","1","0",162.9,"1910",64.1338582677165
"988",788,"Tunisia","19","7","0",165.3,"1970",65.0787401574803
"989",204,"Benin","18","1","0",164.9,"1810",64.9212598425197
"990",204,"Benin","19","1","0",168.87,"1910",66.4842519685039
"991",204,"Benin","19","2","0",168.127,"1920",66.1917322834646
"992",204,"Benin","19","3","0",168.2,"1930",66.2204724409449
"993",204,"Benin","19","5","0",169.911,"1950",66.894094488189
"994",204,"Benin","19","6","0",170.688,"1960",67.2
"995",204,"Benin","19","7","0",170.286,"1970",67.0417322834646
"996",204,"Benin","19","8","0",169.163,"1980",66.5996062992126
"997",854,"Burkina Faso","18","1","0",166.29,"1810",65.4685039370079
"998",854,"Burkina Faso","18","2","0",165.36,"1820",65.1023622047244
"999",854,"Burkina Faso","18","3","0",166.72,"1830",65.6377952755905
"1000",854,"Burkina Faso","18","4","0",162.59,"1840",64.011811023622
"1001",854,"Burkina Faso","18","7","0",171.2,"1870",67.4015748031496
"1002",854,"Burkina Faso","18","8","0",171.463,"1880",67.5051181102362
"1003",854,"Burkina Faso","18","9","0",167.9,"1890",66.1023622047244
"1004",854,"Burkina Faso","19","0","0",171.174,"1900",67.3913385826772
"1005",854,"Burkina Faso","19","1","0",171.06,"1910",67.3464566929134
"1006",854,"Burkina Faso","19","2","0",172.4,"1920",67.8740157480315
"1007",854,"Burkina Faso","19","3","0",171,"1930",67.3228346456693
"1008",854,"Burkina Faso","19","4","0",172.451,"1940",67.894094488189
"1009",854,"Burkina Faso","19","5","0",172.226,"1950",67.8055118110236
"1010",854,"Burkina Faso","19","6","0",172.798,"1960",68.0307086614173
"1011",854,"Burkina Faso","19","7","0",172.844,"1970",68.0488188976378
"1012",854,"Burkina Faso","19","8","0",172.829,"1980",68.0429133858268
"1013",132,"Cape Verde","19","8","0",168.986,"1980",66.5299212598425
"1014",384,"Cote d'Ivoire","18","1","0",165.1,"1810",65
"1015",384,"Cote d'Ivoire","18","5","0",170.523,"1850",67.1350393700787
"1016",384,"Cote d'Ivoire","18","7","0",169.756,"1870",66.8330708661417
"1017",384,"Cote d'Ivoire","18","9","0",168.83,"1890",66.4685039370079
"1018",384,"Cote d'Ivoire","19","0","0",167.9,"1900",66.1023622047244
"1019",384,"Cote d'Ivoire","19","1","0",166.621,"1910",65.5988188976378
"1020",384,"Cote d'Ivoire","19","2","0",166.7,"1920",65.6299212598425
"1021",384,"Cote d'Ivoire","19","3","0",167.5,"1930",65.9448818897638
"1022",384,"Cote d'Ivoire","19","4","0",168.65,"1940",66.3976377952756
"1023",384,"Cote d'Ivoire","19","5","0",170,"1950",66.9291338582677
"1024",384,"Cote d'Ivoire","19","6","0",171.3,"1960",67.4409448818898
"1025",384,"Cote d'Ivoire","19","7","0",171.2,"1970",67.4015748031496
"1026",384,"Cote d'Ivoire","19","8","0",171,"1980",67.3228346456693
"1027",270,"Gambia","19","2","0",166.6,"1920",65.5905511811024
"1028",288,"Ghana","18","1","0",164.1,"1810",64.6062992125984
"1029",288,"Ghana","18","6","0",167.757,"1860",66.046062992126
"1030",288,"Ghana","18","8","0",167.8,"1880",66.0629921259843
"1031",288,"Ghana","18","9","0",164.2,"1890",64.6456692913386
"1032",288,"Ghana","19","0","0",165.9,"1900",65.3149606299213
"1033",288,"Ghana","19","1","0",167.1,"1910",65.7874015748031
"1034",288,"Ghana","19","2","0",167.1,"1920",65.7874015748031
"1035",288,"Ghana","19","3","0",167.65,"1930",66.003937007874
"1036",288,"Ghana","19","4","0",168.6,"1940",66.3779527559055
"1037",288,"Ghana","19","5","0",169.49,"1950",66.7283464566929
"1038",288,"Ghana","19","6","0",169.771,"1960",66.8389763779527
"1039",288,"Ghana","19","7","0",169.926,"1970",66.9
"1040",288,"Ghana","19","8","0",170.005,"1980",66.9311023622047
"1041",324,"Guinea","18","7","0",169.885,"1870",66.8838582677165
"1042",324,"Guinea","18","9","0",164.21,"1890",64.6496062992126
"1043",324,"Guinea","19","0","0",168.4,"1900",66.2992125984252
"1044",324,"Guinea","19","1","0",168.455,"1910",66.3208661417323
"1045",324,"Guinea","19","2","0",168.593,"1920",66.3751968503937
"1046",324,"Guinea","19","3","0",167.528,"1930",65.955905511811
"1047",324,"Guinea","19","5","0",168.738,"1950",66.4322834645669
"1048",324,"Guinea","19","6","0",169.621,"1960",66.7799212598425
"1049",324,"Guinea","19","7","0",169.712,"1970",66.8157480314961
"1050",324,"Guinea","19","8","0",169.49,"1980",66.7283464566929
"1051",624,"Guinea-Bissau","18","1","0",165.4,"1810",65.1181102362205
"1052",624,"Guinea-Bissau","18","9","0",168.259,"1890",66.2437007874016
"1053",624,"Guinea-Bissau","19","0","0",167.721,"1900",66.0318897637795
"1054",624,"Guinea-Bissau","19","1","0",167.808,"1910",66.0661417322835
"1055",624,"Guinea-Bissau","19","2","0",166.096,"1920",65.392125984252
"1056",624,"Guinea-Bissau","19","3","0",169.4,"1930",66.6929133858268
"1057",624,"Guinea-Bissau","19","4","0",168.9,"1940",66.496062992126
"1058",624,"Guinea-Bissau","19","5","0",168.9,"1950",66.496062992126
"1059",430,"Liberia","19","1","0",165.38,"1910",65.1102362204724
"1060",430,"Liberia","19","2","0",167.59,"1920",65.9803149606299
"1061",430,"Liberia","19","3","0",167.235,"1930",65.8405511811024
"1062",430,"Liberia","19","5","0",166.975,"1950",65.738188976378
"1063",430,"Liberia","19","6","0",168.648,"1960",66.3968503937008
"1064",430,"Liberia","19","7","0",168.472,"1970",66.3275590551181
"1065",430,"Liberia","19","8","0",167.264,"1980",65.851968503937
"1066",466,"Mali","18","5","0",166.467,"1850",65.538188976378
"1067",466,"Mali","18","8","0",171.043,"1880",67.3397637795276
"1068",466,"Mali","18","9","0",169.376,"1890",66.6834645669291
"1069",466,"Mali","19","0","0",167.485,"1900",65.9389763779528
"1070",466,"Mali","19","1","0",171.449,"1910",67.4996062992126
"1071",466,"Mali","19","2","0",171.605,"1920",67.5610236220472
"1072",466,"Mali","19","3","0",168.5,"1930",66.3385826771653
"1073",466,"Mali","19","4","0",170.5,"1940",67.1259842519685
"1074",466,"Mali","19","5","0",172.483,"1950",67.9066929133858
"1075",466,"Mali","19","6","0",172.727,"1960",68.0027559055118
"1076",466,"Mali","19","7","0",172.503,"1970",67.9145669291339
"1077",466,"Mali","19","8","0",172.238,"1980",67.8102362204724
"1078",478,"Mauritania","19","0","0",168.954,"1900",66.5173228346457
"1079",478,"Mauritania","19","1","0",169.395,"1910",66.6909448818898
"1080",478,"Mauritania","19","2","0",169.227,"1920",66.6248031496063
"1081",478,"Mauritania","19","3","0",170.149,"1930",66.9877952755906
"1082",562,"Niger","18","7","0",167.298,"1870",65.8653543307087
"1083",562,"Niger","18","8","0",173,"1880",68.1102362204724
"1084",562,"Niger","19","0","0",168.663,"1900",66.4027559055118
"1085",562,"Niger","19","1","0",171.598,"1910",67.5582677165354
"1086",562,"Niger","19","2","0",171.412,"1920",67.4850393700787
"1087",562,"Niger","19","3","0",172.7,"1930",67.992125984252
"1088",562,"Niger","19","4","0",171.179,"1940",67.3933070866142
"1089",562,"Niger","19","5","0",170.946,"1950",67.3015748031496
"1090",562,"Niger","19","6","0",171.44,"1960",67.496062992126
"1091",562,"Niger","19","7","0",171.35,"1970",67.4606299212598
"1092",562,"Niger","19","8","0",170.651,"1980",67.1854330708661
"1093",566,"Nigeria","18","1","0",165.2,"1810",65.0393700787401
"1094",566,"Nigeria","18","2","0",162.239,"1820",63.8736220472441
"1095",566,"Nigeria","18","7","0",165.612,"1870",65.2015748031496
"1096",566,"Nigeria","18","8","0",167.873,"1880",66.0917322834646
"1097",566,"Nigeria","19","1","0",166.794,"1910",65.6669291338583
"1098",566,"Nigeria","19","2","0",165.6,"1920",65.1968503937008
"1099",566,"Nigeria","19","3","0",164.62,"1930",64.8110236220472
"1100",566,"Nigeria","19","4","0",167.2,"1940",65.8267716535433
"1101",566,"Nigeria","19","5","0",168.544,"1950",66.355905511811
"1102",566,"Nigeria","19","6","0",169.769,"1960",66.8381889763779
"1103",566,"Nigeria","19","7","0",169.654,"1970",66.7929133858268
"1104",566,"Nigeria","19","8","0",169.503,"1980",66.7334645669291
"1105",686,"Senegal","18","1","0",165.4,"1810",65.1181102362205
"1106",686,"Senegal","18","6","0",172.545,"1860",67.9311023622047
"1107",686,"Senegal","18","7","0",168.157,"1870",66.2035433070866
"1108",686,"Senegal","18","9","0",171.75,"1890",67.6181102362205
"1109",686,"Senegal","19","0","0",170.384,"1900",67.0803149606299
"1110",686,"Senegal","19","1","0",169.26,"1910",66.6377952755905
"1111",686,"Senegal","19","2","0",171.561,"1920",67.5437007874016
"1112",686,"Senegal","19","3","0",171.109,"1930",67.3657480314961
"1113",686,"Senegal","19","4","0",171.861,"1940",67.661811023622
"1114",686,"Senegal","19","5","0",173.913,"1950",68.4696850393701
"1115",686,"Senegal","19","6","0",174.091,"1960",68.5397637795276
"1116",686,"Senegal","19","7","0",174.736,"1970",68.7937007874016
"1117",686,"Senegal","19","8","0",174.254,"1980",68.603937007874
"1118",694,"Sierra Leone","18","1","0",164.682,"1810",64.8354330708661
"1119",694,"Sierra Leone","18","2","0",162.16,"1820",63.8425196850394
"1120",694,"Sierra Leone","18","9","0",165.5,"1890",65.1574803149606
"1121",694,"Sierra Leone","19","1","0",165.8,"1910",65.2755905511811
"1122",694,"Sierra Leone","19","2","0",166.961,"1920",65.7326771653543
"1123",694,"Sierra Leone","19","3","0",165.5,"1930",65.1574803149606
"1124",694,"Sierra Leone","19","7","0",167.4,"1970",65.9055118110236
"1125",694,"Sierra Leone","19","8","0",165.8,"1980",65.2755905511811
"1126",768,"Togo","18","6","0",165.345,"1860",65.0964566929134
"1127",768,"Togo","19","0","0",167,"1900",65.748031496063
"1128",768,"Togo","19","2","0",168.352,"1920",66.2803149606299
"1129",768,"Togo","19","5","0",170.8,"1950",67.244094488189
"1130",768,"Togo","19","6","0",170.6,"1960",67.1653543307087
"1131",768,"Togo","19","7","0",170.5,"1970",67.1259842519685
"1132",768,"Togo","19","8","0",167.7,"1980",66.0236220472441
"1133",24,"Angola","18","1","0",160.5,"1810",63.1889763779528
"1134",24,"Angola","18","8","0",168.8,"1880",66.4566929133858
"1135",24,"Angola","18","9","0",169.1,"1890",66.5748031496063
"1136",24,"Angola","19","0","0",168.1,"1900",66.1811023622047
"1137",24,"Angola","19","1","0",168,"1910",66.1417322834646
"1138",24,"Angola","19","2","0",165.7,"1920",65.2362204724409
"1139",24,"Angola","19","3","0",166.7,"1930",65.6299212598425
"1140",120,"Cameroon","18","1","0",165.9,"1810",65.3149606299213
"1141",120,"Cameroon","18","6","0",165.145,"1860",65.0177165354331
"1142",120,"Cameroon","18","7","0",165.715,"1870",65.242125984252
"1143",120,"Cameroon","18","8","0",166.556,"1880",65.5732283464567
"1144",120,"Cameroon","18","9","0",164.085,"1890",64.6003937007874
"1145",120,"Cameroon","19","0","0",166.738,"1900",65.6448818897638
"1146",120,"Cameroon","19","1","0",168.765,"1910",66.4429133858268
"1147",120,"Cameroon","19","2","0",166.657,"1920",65.6129921259842
"1148",120,"Cameroon","19","3","0",169.5,"1930",66.7322834645669
"1149",120,"Cameroon","19","5","0",171.251,"1950",67.4216535433071
"1150",120,"Cameroon","19","6","0",171.519,"1960",67.5271653543307
"1151",120,"Cameroon","19","7","0",171.585,"1970",67.5531496062992
"1152",120,"Cameroon","19","8","0",170.967,"1980",67.309842519685
"1153",140,"Central African Republic","18","8","0",167.1,"1880",65.7874015748031
"1154",140,"Central African Republic","19","0","0",167.27,"1900",65.8543307086614
"1155",140,"Central African Republic","19","1","0",164.866,"1910",64.907874015748
"1156",140,"Central African Republic","19","2","0",163.573,"1920",64.3988188976378
"1157",140,"Central African Republic","19","3","0",164,"1930",64.5669291338583
"1158",140,"Central African Republic","19","5","0",169.3,"1950",66.6535433070866
"1159",140,"Central African Republic","19","6","0",170.8,"1960",67.244094488189
"1160",140,"Central African Republic","19","7","0",169.9,"1970",66.8897637795276
"1161",148,"Chad","18","7","0",169.793,"1870",66.8476377952756
"1162",148,"Chad","18","8","0",168.969,"1880",66.5232283464567
"1163",148,"Chad","18","9","0",169.6,"1890",66.7716535433071
"1164",148,"Chad","19","0","0",165.8,"1900",65.2755905511811
"1165",148,"Chad","19","2","0",169.379,"1920",66.6846456692913
"1166",148,"Chad","19","3","0",170.61,"1930",67.1692913385827
"1167",148,"Chad","19","5","0",173.69,"1950",68.3818897637795
"1168",148,"Chad","19","6","0",174.3,"1960",68.6220472440945
"1169",148,"Chad","19","7","0",173.8,"1970",68.4251968503937
"1170",148,"Chad","19","8","0",173.3,"1980",68.2283464566929
"1171",178,"Congo","18","1","0",163.3,"1810",64.2913385826772
"1172",178,"Congo","18","5","0",167.605,"1850",65.9862204724409
"1173",178,"Congo","18","6","0",166.043,"1860",65.3712598425197
"1174",178,"Congo","19","2","0",165.395,"1920",65.1161417322835
"1175",178,"Congo","19","3","0",164.62,"1930",64.8110236220472
"1176",178,"Congo","19","4","0",166.88,"1940",65.7007874015748
"1177",178,"Congo","19","5","0",168.447,"1950",66.3177165354331
"1178",178,"Congo","19","6","0",169.376,"1960",66.6834645669291
"1179",178,"Congo","19","7","0",169.036,"1970",66.5496062992126
"1180",178,"Congo","19","8","0",168.369,"1980",66.2870078740157
"1181",180,"Democratic Republic of the Congo","18","1","0",163.3,"1810",64.2913385826772
"1182",180,"Democratic Republic of the Congo","18","7","0",165.734,"1870",65.2496062992126
"1183",180,"Democratic Republic of the Congo","18","8","0",163.2,"1880",64.251968503937
"1184",180,"Democratic Republic of the Congo","18","9","0",162.609,"1890",64.0192913385827
"1185",180,"Democratic Republic of the Congo","19","1","0",165.3,"1910",65.0787401574803
"1186",180,"Democratic Republic of the Congo","19","2","0",163.146,"1920",64.2307086614173
"1187",180,"Democratic Republic of the Congo","19","3","0",167.308,"1930",65.8692913385827
"1188",180,"Democratic Republic of the Congo","19","5","0",168.469,"1950",66.3263779527559
"1189",180,"Democratic Republic of the Congo","19","6","0",168.32,"1960",66.2677165354331
"1190",180,"Democratic Republic of the Congo","19","7","0",169.049,"1970",66.5547244094488
"1191",180,"Democratic Republic of the Congo","19","8","0",167.542,"1980",65.9614173228346
"1192",226,"Equatorial Guinea","19","3","0",169,"1930",66.5354330708661
"1193",266,"Gabon","18","1","0",165.4,"1810",65.1181102362205
"1194",266,"Gabon","19","1","0",164.9,"1910",64.9212598425197
"1195",266,"Gabon","19","2","0",164.311,"1920",64.6893700787402
"1196",266,"Gabon","19","5","0",171.2,"1950",67.4015748031496
"1197",266,"Gabon","19","6","0",170.7,"1960",67.2047244094488
"1198",266,"Gabon","19","7","0",170.5,"1970",67.1259842519685
"1199",266,"Gabon","19","8","0",169.7,"1980",66.8110236220472
"1200",72,"Botswana","19","1","0",165.42,"1910",65.1259842519685
"1201",72,"Botswana","19","8","0",167.1,"1980",65.7874015748031
"1202",426,"Lesotho","19","0","0",168,"1900",66.1417322834646
"1203",426,"Lesotho","19","5","0",167.97,"1950",66.1299212598425
"1204",426,"Lesotho","19","6","0",168.269,"1960",66.2476377952756
"1205",426,"Lesotho","19","7","0",168.535,"1970",66.3523622047244
"1206",426,"Lesotho","19","8","0",167.386,"1980",65.9
"1207",516,"Namibia","19","0","0",166.653,"1900",65.6114173228346
"1208",516,"Namibia","19","3","0",171.11,"1930",67.3661417322835
"1209",516,"Namibia","19","4","0",172.312,"1940",67.8393700787402
"1210",516,"Namibia","19","5","0",171.906,"1950",67.6795275590551
"1211",516,"Namibia","19","6","0",172.076,"1960",67.7464566929134
"1212",516,"Namibia","19","7","0",172.242,"1970",67.811811023622
"1213",516,"Namibia","19","8","0",171.343,"1980",67.457874015748
"1214",710,"South Africa","18","9","0",170.364,"1890",67.0724409448819
"1215",710,"South Africa","19","0","0",169.898,"1900",66.8889763779528
"1216",710,"South Africa","19","1","0",169.704,"1910",66.8125984251969
"1217",710,"South Africa","19","2","0",169.214,"1920",66.6196850393701
"1218",710,"South Africa","19","3","0",169.984,"1930",66.9228346456693
"1219",710,"South Africa","19","4","0",168.225,"1940",66.2303149606299
"1220",710,"South Africa","19","5","0",170.1,"1950",66.9685039370079
"1221",710,"South Africa","19","6","0",169.5,"1960",66.7322834645669
"1222",710,"South Africa","19","7","0",168.9,"1970",66.496062992126
"1223",710,"South Africa","19","8","0",168.1,"1980",66.1811023622047
"1224",748,"Swaziland","19","3","0",168.812,"1930",66.4614173228346
"1225",748,"Swaziland","19","5","0",169.473,"1950",66.7216535433071
"1226",748,"Swaziland","19","6","0",169.884,"1960",66.8834645669291
"1227",748,"Swaziland","19","7","0",170.493,"1970",67.1232283464567
"1228",748,"Swaziland","19","8","0",170.238,"1980",67.0228346456693
"1229",108,"Burundi","19","2","0",166.14,"1920",65.4094488188976
"1230",108,"Burundi","19","3","0",169.355,"1930",66.6751968503937
"1231",174,"Comoros","19","5","0",166.8,"1950",65.6692913385827
"1232",174,"Comoros","19","6","0",167,"1960",65.748031496063
"1233",174,"Comoros","19","7","0",167,"1970",65.748031496063
"1234",262,"Djibouti","19","8","0",168.893,"1980",66.4933070866142
"1235",232,"Eritrea","18","6","0",166.282,"1860",65.4653543307087
"1236",232,"Eritrea","18","8","0",165.342,"1880",65.0952755905512
"1237",232,"Eritrea","19","3","0",164,"1930",64.5669291338583
"1238",232,"Eritrea","19","5","0",156.7,"1950",61.6929133858268
"1239",232,"Eritrea","19","6","0",155.75,"1960",61.3188976377953
"1240",232,"Eritrea","19","7","0",156,"1970",61.4173228346457
"1241",230,"Ethiopia (until 1993)","18","6","0",169.3,"1860",66.6535433070866
"1242",230,"Ethiopia (until 1993)","18","8","0",167.461,"1880",65.9295275590551
"1243",230,"Ethiopia (until 1993)","19","1","0",161.451,"1910",63.5633858267717
"1244",230,"Ethiopia (until 1993)","19","2","0",166.636,"1920",65.6047244094488
"1245",230,"Ethiopia (until 1993)","19","3","0",167.27,"1930",65.8543307086614
"1246",230,"Ethiopia (until 1993)","19","4","0",168.5,"1940",66.3385826771653
"1247",230,"Ethiopia (until 1993)","19","5","0",166.823,"1950",65.6783464566929
"1248",230,"Ethiopia (until 1993)","19","6","0",167.512,"1960",65.9496062992126
"1249",230,"Ethiopia (until 1993)","19","7","0",167.49,"1970",65.9409448818898
"1250",230,"Ethiopia (until 1993)","19","8","0",167.253,"1980",65.8476377952756
"1251",231,"Ethiopia (from 1993)","18","6","0",169.3,"1860",66.6535433070866
"1252",231,"Ethiopia (from 1993)","18","8","0",167.461,"1880",65.9295275590551
"1253",231,"Ethiopia (from 1993)","19","1","0",161.451,"1910",63.5633858267717
"1254",231,"Ethiopia (from 1993)","19","2","0",166.636,"1920",65.6047244094488
"1255",231,"Ethiopia (from 1993)","19","3","0",167.27,"1930",65.8543307086614
"1256",231,"Ethiopia (from 1993)","19","4","0",168.5,"1940",66.3385826771653
"1257",231,"Ethiopia (from 1993)","19","5","0",166.823,"1950",65.6783464566929
"1258",231,"Ethiopia (from 1993)","19","6","0",167.512,"1960",65.9496062992126
"1259",231,"Ethiopia (from 1993)","19","7","0",167.49,"1970",65.9409448818898
"1260",231,"Ethiopia (from 1993)","19","8","0",167.253,"1980",65.8476377952756
"1261",404,"Kenya","18","8","0",164.535,"1880",64.7775590551181
"1262",404,"Kenya","18","9","0",166,"1890",65.3543307086614
"1263",404,"Kenya","19","0","0",166.7,"1900",65.6299212598425
"1264",404,"Kenya","19","1","0",168.079,"1910",66.1728346456693
"1265",404,"Kenya","19","2","0",167.698,"1920",66.0228346456693
"1266",404,"Kenya","19","5","0",169.884,"1950",66.8834645669291
"1267",404,"Kenya","19","6","0",170.745,"1960",67.2224409448819
"1268",404,"Kenya","19","7","0",170.902,"1970",67.2842519685039
"1269",404,"Kenya","19","8","0",171.221,"1980",67.409842519685
"1270",450,"Madagascar","18","6","0",163.918,"1860",64.5346456692913
"1271",450,"Madagascar","19","0","0",163.151,"1900",64.2326771653543
"1272",450,"Madagascar","19","1","0",163.154,"1910",64.2338582677165
"1273",450,"Madagascar","19","2","0",163.45,"1920",64.3503937007874
"1274",450,"Madagascar","19","5","0",164.056,"1950",64.5889763779528
"1275",450,"Madagascar","19","6","0",164.954,"1960",64.9425196850394
"1276",450,"Madagascar","19","7","0",163.884,"1970",64.5212598425197
"1277",450,"Madagascar","19","8","0",162.874,"1980",64.1236220472441
"1278",454,"Malawi","18","7","0",166.65,"1870",65.6102362204724
"1279",454,"Malawi","19","2","0",168.42,"1920",66.3070866141732
"1280",454,"Malawi","19","3","0",165.6,"1930",65.1968503937008
"1281",454,"Malawi","19","4","0",166.202,"1940",65.4338582677165
"1282",454,"Malawi","19","5","0",166.617,"1950",65.5972440944882
"1283",454,"Malawi","19","6","0",167.089,"1960",65.7830708661417
"1284",454,"Malawi","19","7","0",166.729,"1970",65.6413385826772
"1285",454,"Malawi","19","8","0",166.244,"1980",65.4503937007874
"1286",508,"Mozambique","18","1","0",164.1,"1810",64.6062992125984
"1287",508,"Mozambique","18","7","0",167.05,"1870",65.7677165354331
"1288",508,"Mozambique","19","0","0",169.613,"1900",66.7767716535433
"1289",508,"Mozambique","19","1","0",166.667,"1910",65.6169291338583
"1290",508,"Mozambique","19","2","0",168.639,"1920",66.3933070866142
"1291",508,"Mozambique","19","3","0",167.29,"1930",65.8622047244095
"1292",508,"Mozambique","19","5","0",165.967,"1950",65.3413385826772
"1293",508,"Mozambique","19","6","0",166.269,"1960",65.4602362204724
"1294",508,"Mozambique","19","7","0",165.547,"1970",65.1759842519685
"1295",508,"Mozambique","19","8","0",165.15,"1980",65.0196850393701
"1296",646,"Rwanda","19","1","0",172,"1910",67.7165354330709
"1297",646,"Rwanda","19","2","0",171.566,"1920",67.5456692913386
"1298",646,"Rwanda","19","3","0",169.321,"1930",66.6618110236221
"1299",646,"Rwanda","19","5","0",168.887,"1950",66.4909448818898
"1300",646,"Rwanda","19","6","0",168.804,"1960",66.4582677165354
"1301",646,"Rwanda","19","7","0",167.908,"1970",66.1055118110236
"1302",646,"Rwanda","19","8","0",167.162,"1980",65.811811023622
"1303",706,"Somalia","18","8","0",172.75,"1880",68.011811023622
"1304",706,"Somalia","18","9","0",171.4,"1890",67.4803149606299
"1305",706,"Somalia","19","0","0",171.9,"1900",67.6771653543307
"1306",706,"Somalia","19","1","0",171.068,"1910",67.3496062992126
"1307",706,"Somalia","19","2","0",168.69,"1920",66.4133858267716
"1308",706,"Somalia","19","3","0",172.9,"1930",68.0708661417323
"1309",800,"Uganda","18","7","0",168.07,"1870",66.1692913385827
"1310",800,"Uganda","18","8","0",166.311,"1880",65.4767716535433
"1311",800,"Uganda","18","9","0",166.425,"1890",65.5216535433071
"1312",800,"Uganda","19","1","0",165.96,"1910",65.3385826771654
"1313",800,"Uganda","19","2","0",167.486,"1920",65.9393700787402
"1314",800,"Uganda","19","3","0",164.892,"1930",64.9181102362205
"1315",800,"Uganda","19","5","0",169.822,"1950",66.8590551181102
"1316",800,"Uganda","19","6","0",170.087,"1960",66.9633858267716
"1317",800,"Uganda","19","7","0",169.612,"1970",66.7763779527559
"1318",800,"Uganda","19","8","0",169.274,"1980",66.6433070866142
"1319",834,"United Republic of Tanzania","18","7","0",167.769,"1870",66.0507874015748
"1320",834,"United Republic of Tanzania","18","8","0",168.516,"1880",66.3448818897638
"1321",834,"United Republic of Tanzania","18","9","0",167.669,"1890",66.0114173228346
"1322",834,"United Republic of Tanzania","19","1","0",164.965,"1910",64.9468503937008
"1323",834,"United Republic of Tanzania","19","2","0",165.788,"1920",65.2708661417323
"1324",834,"United Republic of Tanzania","19","3","0",166.6,"1930",65.5905511811024
"1325",834,"United Republic of Tanzania","19","4","0",165.569,"1940",65.1846456692913
"1326",834,"United Republic of Tanzania","19","5","0",166.195,"1950",65.4311023622047
"1327",834,"United Republic of Tanzania","19","6","0",167.167,"1960",65.813779527559
"1328",834,"United Republic of Tanzania","19","7","0",167.805,"1970",66.0649606299213
"1329",834,"United Republic of Tanzania","19","8","0",166.861,"1980",65.6933070866142
"1330",894,"Zambia","19","4","0",168.063,"1940",66.1665354330709
"1331",894,"Zambia","19","5","0",169.635,"1950",66.7854330708661
"1332",894,"Zambia","19","6","0",169.719,"1960",66.8185039370079
"1333",894,"Zambia","19","7","0",168.932,"1970",66.5086614173228
"1334",894,"Zambia","19","8","0",168.194,"1980",66.2181102362205
"1335",716,"Zimbabwe","18","9","0",169.045,"1890",66.5531496062992
"1336",716,"Zimbabwe","19","0","0",167.63,"1900",65.996062992126
"1337",716,"Zimbabwe","19","5","0",170.988,"1950",67.3181102362205
"1338",716,"Zimbabwe","19","6","0",171.076,"1960",67.3527559055118
"1339",716,"Zimbabwe","19","7","0",171.34,"1970",67.4566929133858
"1340",716,"Zimbabwe","19","8","0",171.004,"1980",67.3244094488189
